TAHUN,NOMOR_URUT,DAERAH,PAJAK_ANGGARAN,PAJAK_REALISASI,RETRIBUSI_ANGGARAN,RETRIBUSI_REALISASI,KEKAYAAN_ANGGARAN,KEKAYAAN_REALISASI,LAIN_ANGGARAN,LAIN_REALISASI
2021,XI,Prov. DKI Jakarta,37215000000000.0,34550405525182.3,755755000000.0,382136507516.0,390254277917.0,385494014852.0,6821077973050.0,6482116959556.69
2021,XII,Prov. Jawa Barat,17983290282110.0,18847793728565.0,43352284698.0,43051699952.0,415327213589.0,414780606267.0,1111566563540.0,905270879756.0
2021,1,Kab. Bandung,510575000000.0,510530594186.0,24665491984.4,25759623545.0,75346485281.0,75336872741.0,399456631882.4,372946186487.81
2021,2,Kab. Bandung Barat,391200000000.0,363095176294.0,37698929439.0,16012603926.0,494842021.0,628894651.0,152891452614.0,16573746851.0
2021,3,Kab. Bekasi,2065328229205.0,2008129085125.6,167329690000.0,182608474416.0,20176437653.0,18729447485.0,299673834154.0,219685767139.4
2021,4,Kab. Bogor,2090578509000.0,2462339432505.0,137901142404.0,115545927200.0,64271727832.0,71303513920.0,998571308721.0,1059228927347.0
2021,5,Kab. Ciamis,65525000000.0,70573588106.0,6673505000.0,7512811662.0,3700000000.0,3246369013.0,162834235500.0,191670347124.0
2021,6,Kab. Cianjur,182273728515.0,193954158229.0,23536408109.0,17521195138.0,10006537642.0,10321223500.0,522406070501.0,420971577143.0
2021,7,Kab. Cirebon,240056882000.0,263053751571.0,37505759240.0,31921261201.0,14633523000.0,12583255177.0,330337006907.0,337146407799.45
2021,8,Kab. Garut,122382000000.0,126588915160.0,17559136763.0,15259959070.0,6455066612.0,6455066625.0,346496738813.0,412479436063.61
2021,9,Kab. Indramayu,103135000000.0,118703383503.0,26766588250.0,24744740098.0,16349133073.0,15672938564.0,360427403000.0,290114349197.0
2021,10,Kab. Karawang,925965743000.0,1013577625833.0,57387862360.0,69152425074.0,5536491978.0,7946102415.0,438301921843.0,560976188506.0
2021,11,Kab. Kuningan,93422750000.0,92330861227.0,79655387010.0,68294838837.0,5907864248.0,5907864248.0,179122143360.0,179100406316.0
2021,12,Kab. Majalengka,163513872642.0,143395491452.0,20616923893.0,15511365009.0,5975849841.0,5944980467.0,336175891199.0,257397084389.29
2021,13,Kab. Pangandaran,58020065000.0,49719916743.0,57684200000.0,90352117638.0,261866550.0,0.0,34295735000.0,31715482296.0
2021,14,Kab. Purwakarta,362222567311.0,286419033471.0,37027771059.0,22871216419.0,7010000000.0,5749586485.0,179515462792.0,199885999455.0
2021,15,Kab. Subang,326008650331.0,230131644480.0,28183038500.0,15978195844.0,37665000000.0,21412189634.0,222937482833.0,167148668812.0
2021,16,Kab. Sukabumi,269732000000.0,284490305055.0,19593435000.0,16063599674.0,10343000000.0,10368839763.0,352254771231.0,295408160716.0
2021,17,Kab. Sumedang,217313708500.0,198243612757.0,16282030378.0,6733798976.0,12692068000.0,11164520965.0,240298331461.0,254137790064.29
2021,18,Kab. Tasikmalaya,89383145412.0,75239545192.0,9874182998.0,5150543572.0,28446283298.0,23193457737.0,300479018808.0,271340937399.5
2021,19,Kota Bandung,1808750000000.0,1645874901057.0,69506809600.0,29956638919.0,18885582468.0,15777448799.0,512661936120.0,350175732712.62
2021,20,Kota Banjar,15101024696.0,17459366138.0,3273575799.0,3219363012.0,3925340000.0,3925340000.0,115753550987.0,102500402923.0
2021,21,Kota Bekasi,1841686983386.0,1710904928234.0,94602066427.0,67443011771.0,13162087452.0,14152236353.0,543503419214.0,763117521117.0
2021,22,Kota Bogor,565600000000.0,624585072110.0,31609433495.0,35963873548.0,32420552150.0,32420552150.0,284920664675.0,277594495483.45
2021,23,Kota Cimahi,152786878291.0,179946082506.0,11404826000.0,11249715120.0,9956960000.0,9956960000.0,172473478843.0,132902319176.22
2021,24,Kota Cirebon,192012249000.0,163815564435.0,15099868000.0,10126553274.0,8055501000.0,6856419363.0,302139839500.0,161941685206.0
2021,25,Kota Depok,1061796522408.0,1133891198764.0,28945265307.0,38562246577.0,40265668579.0,40427126174.0,218593173466.0,170211004917.0
2021,26,Kota Sukabumi,50495372637.0,54455964378.0,6857790000.0,6604301840.0,4346251729.0,4346251729.0,247848938694.0,222175894362.0
2021,27,Kota Tasikmalaya,134827075623.0,139830453627.0,13089284000.0,9302738040.0,6405413970.0,6221179774.0,296489685209.0,289970630540.92
2021,XII,Prov. Banten,7196237282555.0,6576740326344.0,12036262100.0,10949894106.0,56079934229.0,56896567111.46,326177073218.0,198184452823.88
2021,1,Kab. Lebak,122215000000.0,156881369633.0,15075569938.0,15144412060.0,5941209868.0,5282756992.0,216651338645.0,207841139499.0
2021,2,Kab. Pandeglang,50854640742.0,44443215525.0,16820697695.0,11894541292.0,14090396805.0,14090396805.0,145211838079.0,85075898722.22
2021,3,Kab. Serang,442635000000.0,431057419963.0,38380148000.0,28801450560.0,18702820740.0,18702820740.0,464528108441.0,312524922370.0
2021,4,Kab. Tangerang,1767560088743.0,2058105484402.0,79785396662.0,100661199872.0,53789023713.0,55167387998.0,550248090830.0,653750245260.0
2021,5,Kota Cilegon,579544000000.0,471868367161.0,21658156400.0,13444836517.0,16521150975.0,16521150975.0,116151532299.0,86387042369.0
2021,6,Kota Serang,143125000000.0,141703194787.0,36099200000.0,15054602307.0,18702820740.0,18702820740.0,37118013497.0,19143897745.0
2021,7,Kota Tangerang,1570450000000.0,1490272899255.0,45382576851.0,49068399027.0,23478791767.0,12930117665.0,179850458628.0,375662813960.0
2021,8,Kota Tangerang Selatan,1322570820355.0,1522616544882.0,51168883498.0,50313863884.0,0.0,0.0,171495756090.0,47850487506.0
2021,XIV,Prov. Jawa Tengah,12656260599000.0,11718115003778.0,90105999000.0,91117454205.0,521612161000.0,508264086971.0,1749827028000.0,2323419769296.0
2021,1,Kab. Banjarnegara,65653500000.0,58925075927.0,23558051477.0,23289751400.0,16796327805.0,17259412303.0,189313226000.0,214308272567.0
2021,2,Kab. Banyumas,237887970118.0,221845178879.0,27035624320.0,23787931914.0,16723491506.0,15507581925.0,428532424000.0,329171013600.0
2021,3,Kab. Batang,97148998825.0,107729372782.0,16371492760.0,15700781301.0,12762036070.0,12766436070.0,147633613462.0,135287109651.48
2021,3,Kab. Blora,52024614000.0,55011009023.0,9389877400.0,10585312383.0,67047000000.0,67489626847.0,133783901580.0,192346846676.0
2021,5,Kab. Boyolali,139800000000.0,151157904795.0,15664745000.0,22651350993.0,16548499000.0,18988620888.0,212107599000.0,322114360221.0
2021,6,Kab. Brebes,120020000000.0,116568022694.0,33644220000.0,15625006684.0,9882962000.0,9839332523.0,317874915000.0,231409887331.95
2021,7,Kab. Cilacap,222995000000.0,221377109179.0,24035058851.0,18619623089.0,55168547761.0,56112553448.0,351155697540.0,443024496093.0
2021,8,Kab. Demak,156868000000.0,165776090682.0,24607605500.0,24230487613.0,22845412595.0,22845412595.0,200950691739.0,232155178266.79
2021,9,Kab. Grobogan,96770000000.0,101757090925.0,11325359240.0,11499676180.0,23374807000.0,25239340214.0,215205106468.0,285690237947.0
2021,10,Kab. Jepara,145610370000.0,170338793994.0,23959478000.0,22109852875.0,15982319000.0,15982320047.0,187418195000.0,200217183789.0
2021,11,Kab. Karanganyar,174850000000.0,194996239464.0,10039888000.0,11154427282.0,14834409000.0,14701590403.0,227566847000.0,205793873057.0
2021,12,Kab. Kebumen,101551500000.0,111279692176.0,29520683000.0,22853405291.0,16552859000.0,16552860815.0,251349778000.0,250361893813.0
2021,13,Kab. Kendal,174220000000.0,158232566370.0,22846438000.0,21661736337.0,16479402651.0,20052742157.0,201996220037.0,171597604081.0
2021,14,Kab. Klaten,115200000000.0,116531477867.0,12352582000.0,13773585852.0,12974459182.0,16409075267.0,137388299733.0,146947131264.0
2021,15,Kab. Kudus,139486900000.0,148014321891.0,22772851000.0,25306806552.97,9277165000.0,8371225490.0,195967480000.0,246812854365.0
2021,16,Kab. Magelang,112347877077.0,119200015138.0,15577421886.0,20124723775.0,26715782927.0,26880782928.0,207296023697.0,161262670702.0
2021,17,Kab. Pati,92415000000.0,108637472851.0,26329352000.0,27194008685.0,29498465000.0,30662101276.0,188343900000.0,222214777765.0
2021,18,Kab. Pekalongan,77131232673.0,83035092031.0,12861008641.0,11209922841.0,8728490728.0,9442422313.0,240973117219.0,149926992941.63
2021,19,Kab. Pemalang,82822262000.0,86991001229.0,34036643000.0,26233025437.0,22500842000.0,22500844418.0,167820795000.0,194753845211.0
2021,20,Kab. Purbalingga,55825000000.0,61367440369.0,12415891000.0,12127461520.0,18439442000.0,18439444440.0,203134189000.0,100638387867.0
2021,21,Kab. Purworejo,75444264359.0,83922039232.0,21572338252.0,18251350315.0,14213920408.0,14213920409.0,193511631940.0,286132113154.0
2021,22,Kab. Rembang,104989933000.0,109824233792.0,20190702247.0,16452709298.5,10789632000.0,10839239869.0,217472039044.53,221141266005.27
2021,23,Kab. Semarang,161684860000.0,189414772725.0,34307882000.0,27699257627.0,12296983000.0,12296985636.0,201292535000.0,346227908957.0
2021,24,Kab. Sragen,91000000000.0,107150939170.0,13121149060.0,13576346651.0,16500000000.0,22249581299.0,271342584898.0,394304044537.0
2021,25,Kab. Sukoharjo,194150000000.0,234391653352.0,20686733600.0,18274725507.0,34782213000.0,34782214740.0,171009152000.0,287100599218.0
2021,26,Kab. Tegal,133050000000.0,130096857479.0,22447112000.0,18506545467.0,15417021000.0,15417023399.0,298851032000.0,251439341928.0
2021,27,Kab. Temanggung,45834000000.0,52832251119.0,9230953050.0,9421733763.0,19633782917.0,19633082917.0,197058343749.0,281227908424.0
2021,28,Kab. Wonogiri,54650000000.0,60797887213.0,14892688250.0,15622635438.0,17333624464.0,17333586258.0,122696400000.0,147536955967.0
2021,29,Kab. Wonosobo,47015000000.0,52818102689.0,10187290000.0,11483767206.0,20328421612.0,20379467671.0,160542433593.0,255080951472.0
2021,30,Kota Magelang,32792500000.0,38088697858.0,5032925000.0,6255220022.0,7259380000.0,8504726391.0,206736691000.0,266542656911.0
2021,31,Kota Pekalongan,82200000000.0,87380370018.0,16282910000.0,14747483454.0,5803900000.0,5805514149.0,109921500000.0,96836643949.0
2021,32,Kota Salatiga,60370000000.0,65041971971.0,10441699000.0,14967001480.0,18824425000.0,18824426644.0,147770092000.0,181850337894.0
2021,33,Kota Semarang,2016634447354.0,1445547162684.0,87617710256.0,96517132869.0,66895891301.0,66896591301.0,436545036771.0,747157507122.0
2021,34,Kota Surakarta,303000000000.0,313990946393.0,60940870800.0,50546899628.0,12824137882.46,14807846106.0,137435695680.0,22556854858.0
2021,35,Kota Tegal,95991000000.0,97555404454.0,37231856000.0,22259387768.0,13196431000.0,10754041774.0,171068951500.0,57789495125.0
2021,XV,Prov. DI Yogyakarta,1688485236037.0,1688443843923.0,34367915101.0,38512949895.0,93923341444.0,96338516913.54,64803205864.0,77619453239.69
2021,1,Kab. Bantul,185912299401.0,202889570233.0,30217698354.0,27762536339.0,23707166955.0,20053289569.97,203699824177.0,159729832609.23
2021,2,Kab. Gunung Kidul,55712279733.0,61453585602.0,20649365876.0,21303681949.63,13360794545.73,13400975228.95,142135355838.0,140212815583.61
2021,3,Kab. Kulon Progo,85341500000.0,94479215907.05,8695050789.0,8136927740.16,13245310190.0,13245310189.67,139314781351.72,191292614298.85
2021,4,Kab. Sleman,488190000000.0,511407257119.0,39429475340.0,38699706039.0,38726973911.0,38164197265.0,204328574200.0,215408198296.0
2021,5,Kota Yogyakarta,324206500000.0,372462884357.0,22784158635.0,26855366529.0,23335909301.0,23991239142.05,144680789236.0,174812395309.82
2021,XVI,Prov. Jawa Timur,14227429290118.0,15400864401471.0,110303169600.0,110950961634.0,404504407994.0,408640386025.0,2382129484869.0,3015428216220.07
2021,1,Kab. Bangkalan,50719243639.0,48369674992.0,13572275106.0,13369359910.0,4304932494.0,2763879429.0,134199119032.0,202845032890.0
2021,2,Kab. Banyuwangi,181387157590.25,205832458681.0,59601764895.27,43140804291.0,23161685641.6,21491551361.34,241740467061.14,249040421707.56
2021,3,Kab. Blitar,92731215431.91,105183661620.53,28578406284.0,28481593626.0,2142505401.0,1941486895.75,191380254830.21,180376067451.17
2021,4,Kab. Bojonegoro,112092957348.0,137592586651.6,32800700499.0,32731385830.88,395592405021.0,398273820075.45,372498032716.0,385371470505.46
2021,5,Kab. Bondowoso,41547542000.0,34445734325.0,20109953528.0,14298692852.0,4260079389.0,4260079389.45,146869635045.0,130981351025.12
2021,6,Kab. Gresik,835318663807.0,721970908939.57,83899410000.0,62608242760.5,11911788354.0,11328944934.5,222134615589.0,235226228672.15
2021,7,Kab. Jember,226430500000.0,200741319299.0,42203813283.0,29951561974.0,6102248169.0,7064696843.75,445143354148.0,666307880466.73
2021,8,Kab. Jombang,121737606000.0,145669833492.5,15781053386.0,18549436863.81,4563294855.0,4563294845.55,328568361446.0,397485544254.72
2021,9,Kab. Kediri,197645000000.0,211898045267.3,23421020250.0,26810037670.0,9781939684.6,10525930496.5,225512041431.0,240100737557.36
2021,10,Kab. Lamongan,137595722312.0,134404544416.0,16669687900.0,14295774860.0,20029376958.0,19176236923.05,303703523870.0,447222642288.73
2021,11,Kab. Lumajang,90415000000.0,80703617235.0,37878290280.0,31750347753.5,6847114298.0,4711388731.48,169069196587.0,251182326411.13
2021,12,Kab. Madiun,66665000000.0,72293511619.89,8265404000.0,7649286700.0,7583944021.0,7602655088.65,235950497116.0,197894987572.46
2021,13,Kab. Magetan,55911000000.0,59116157289.7,24855724500.0,20614972931.0,3678367791.0,3723812406.75,123037624132.0,88341205626.94
2021,14,Kab. Malang,312640185062.0,0.0,34604571750.0,32056218249.0,20068612020.0,20593539140.25,374434314415.0,251642391737.94
2021,15,Kab. Nganjuk,88489600000.0,116256634107.0,27803503287.0,23567446599.0,3741455500.0,4040422262.0,239727865268.0,201879993927.8
2021,16,Kab. Ngawi,64335000000.0,67294146283.0,8282776412.0,8767062094.0,11232094612.0,11232094612.75,203740203567.0,172500366921.23
2021,17,Kab. Pacitan,33108151000.0,35571955001.23,22208174390.0,16829943993.0,2600000000.0,2704269238.35,83491935141.0,156577393187.0
2021,18,Kab. Pamekasan,42570650387.0,38503953058.0,12086747418.0,10057295111.0,1854888227.0,2080932532.8,150356183905.0,155310246142.11
2021,19,Kab. Pasuruan,425139779780.0,393860523388.66,36669818784.0,30094738924.33,4654760005.0,4777764881.0,198602140202.0,272464660339.62
2021,20,Kab. Ponorogo,85525000000.0,96514159283.0,12026668933.0,11395512881.0,1150690865.0,1152503864.6,175338498070.0,267530658977.71
2021,21,Kab. Probolinggo,61675000000.0,65846762042.0,17683845395.0,15439225777.0,6164538103.0,6199646527.9,192037891057.0,154157689417.91
2021,22,Kab. Sampang,25367900000.0,31004138887.0,29192550800.0,20679865642.0,5817410229.75,5774992102.75,75054354293.0,77853644081.28
2021,23,Kab. Sidoarjo,962962000000.0,897697809454.0,71797328070.0,64023209844.0,31057199907.0,31133395762.5,648667895368.0,643919863068.92
2021,24,Kab. Situbondo,42540349415.0,45896691659.0,13044500919.0,12271180343.0,4424715320.0,4787494637.37,139907711552.0,119264037543.19
2021,25,Kab. Sumenep,31911015000.0,38701802074.8,8999675000.0,9842235042.0,15789122000.0,16547828081.15,171939359871.0,187340321400.31
2021,26,Kab. Trenggalek,37063900000.0,39026817857.0,14307458845.0,12613997046.4,5250000000.0,5428465728.72,200307074062.0,176401373668.45
2021,27,Kab. Tuban,272786343325.0,310086279270.0,29748982076.0,40282795951.0,17817611328.0,17822251456.36,141953998846.0,127431329185.32
2021,28,Kab. Tulungagung,97950600000.0,106313973751.0,18142225500.0,20296892123.0,6366563191.0,6400865514.75,455727254844.0,738824732961.21
2021,29,Kab. Mojokerto,306396955181.0,348053435935.89,34227129625.0,29214981373.73,5421264092.0,5421264091.85,194075023083.0,186436019437.68
2021,30,Kota Batu,119366676231.0,120648204570.0,6564433259.3,5170531250.0,3176694245.12,3167842346.85,14637379160.89,17842967755.83
2021,31,Kota Blitar,35245000000.0,38279290179.35,6789417339.0,3434828892.0,139574561514.0,252074589629.27,139574561514.0,252074589629.17
2021,32,Kota Kediri,111581773554.0,115163546223.66,13199829500.0,10156556473.0,1195475204.0,701149136.05,135487653913.0,173857160444.44
2021,33,Kota Madiun,82260000000.0,87874777059.32,15462633570.0,17462705195.0,15092455426.0,16199882796.95,130549104000.0,144378289037.51
2021,34,Kota Malang,462000000000.0,419928623926.46,45542791500.0,40788787184.98,25217322874.0,25974904635.15,81307331108.0,71137984295.46
2021,35,Kota Mojokerto,50034000000.0,52376571219.2,10372581000.0,10705567738.0,4919506000.0,3521682036.35,140841599943.0,91548627616.88
2021,36,Kota Pasuruan,35684728300.0,39922015220.0,7785361410.0,7591157397.0,5942447467.0,5849860799.95,80889122257.0,53387447116.16
2021,37,Kota Probolinggo,48801150000.0,47447863702.0,15377008482.0,13257837000.0,1329442700.0,1517244683.95,132349608687.0,149587085293.67
2021,38,Kota Surabaya,4245952242350.0,3649931910437.0,354044747943.0,235648758762.54,164173248498.0,160867394117.45,558639903759.0,681038190203.35
2022,XI,Prov. DKI Jakarta,45700000000000.0,40267758921920.0,806878300000.0,376351733175.0,793735537821.0,402424109447.0,8362220915771.0,4595602552253.0
2022,XII,Prov. Jawa Barat,20648581527631.0,21542606068935.0,35567675778.0,44957581179.0,470587591603.0,468989416325.0,993549788152.0,1378135624592.57
2022,1,Kab. Bandung,690995000000.0,680549043678.0,43526598570.0,27946187950.0,85466703392.0,85400668931.0,428870558241.0,443512924564.48
2022,2,Kab. Bandung Barat,480000000000.0,495814400587.0,21341968392.0,15097577355.0,989684042.0,1253070525.0,238595294659.0,155077001448.06
2022,3,Kab. Bekasi,1979845186486.0,2108177572697.74,120576106600.0,128564402932.0,22477494378.0,14329605755.0,252940323351.0,278970499533.26
2022,4,Kab. Bogor,2369772820000.0,2595228087872.0,153751721189.0,93422330864.0,74195370019.0,75860020313.0,1141373842822.0,964314942645.06
2022,5,Kab. Ciamis,74654807000.0,77808970542.7,9135739886.0,10312229054.0,3700000000.0,3943875706.0,195172756416.0,208765202173.0
2022,6,Kab. Cianjur,237248060043.0,236280096557.0,29719779808.0,23100910163.0,10200355843.0,10200355843.0,546823051215.0,363564673233.0
2022,7,Kab. Cirebon,278528660262.0,308442409838.0,23353204505.0,27897867887.0,9633523000.0,13702211968.0,442681331099.0,445221300117.0
2022,8,Kab. Garut,156311500000.0,157569982468.0,22150188325.4,15711817595.0,7044369160.0,7044369160.0,298937311907.0,305712597187.0
2022,9,Kab. Indramayu,147245000000.0,168237776658.85,31811595000.0,26728586217.0,18765062762.0,11165686168.0,413532792000.0,353579909516.24
2022,10,Kab. Karawang,1179597671000.0,1227742862075.0,44759564436.0,42293629250.0,6869005662.0,10181332281.0,390459054401.0,223262254317.0
2022,11,Kab. Kuningan,131304000000.0,118200627459.0,175799157404.0,58386729848.0,6363701269.0,7138783168.0,238530635755.0,131650426964.0
2022,12,Kab. Majalengka,160280682000.0,155624624338.0,18561109599.0,19679353726.0,7595131878.0,7409795269.0,351827514466.0,316906342840.99
2022,13,Kab. Pangandaran,86225000000.0,75365829369.0,40643522100.0,38742502213.0,996924550.0,996924550.0,168270766196.0,141745025220.97
2022,14,Kab. Purwakarta,441350000000.0,331386466618.0,40983359774.0,13732602881.0,7717532000.0,6959205038.0,205560688426.0,166977299457.0
2022,15,Kab. Subang,350541811521.0,264968382782.0,29423414562.0,12728054336.0,24942087722.0,21462367663.0,211472940646.0,185110213937.0
2022,16,Kab. Sukabumi,284433000000.0,296076944561.0,12726360000.0,12703917737.0,10770100000.0,10552763362.0,339636603463.0,369033538219.0
2022,17,Kab. Sumedang,237977066250.0,221379897839.0,16129543526.0,9276102181.0,12638338095.0,12643497231.0,264713691009.0,275686310804.84
2022,18,Kab. Tasikmalaya,90085825000.0,93706187090.0,8678695168.0,5307781607.0,22749755710.0,24739258843.0,235692356192.0,176748414670.99
2022,19,Kota Bandung,2386800000000.0,2138902003211.0,40101236600.0,30927337733.0,13159726190.0,15231517616.0,602735633559.0,574262539308.39
2022,20,Kota Banjar,18046374432.0,19820572968.0,4295321332.0,4139694818.0,4348771177.0,4348771177.0,124318049523.0,91340694591.0
2022,21,Kota Bekasi,2196858077066.0,2012879316011.0,101608851766.0,77069527433.0,15595925753.0,12655601035.0,397685645342.0,496023466879.0
2022,22,Kota Bogor,754175900000.0,744960592537.0,37834007000.0,23942828414.0,32169497964.0,32170048280.0,326707820522.0,346545749527.92
2022,23,Kota Cimahi,168162607277.0,193907866523.0,10549195000.0,11294729342.0,11022613597.0,11022613597.0,185526164403.0,178637242037.48
2022,24,Kota Cirebon,198512249000.0,191999856661.0,15904859725.0,11206031976.0,8055501000.0,4860296914.0,349450235752.0,332276829531.0
2022,25,Kota Depok,1281078776412.0,1357069142571.0,38632750293.0,39548195785.0,20409574974.0,23317038495.0,202922484190.0,250525315726.0
2022,26,Kota Sukabumi,55803403046.0,67552075530.0,5863651000.0,6215920368.0,4753064486.0,4753064486.0,268232325801.0,284742622203.0
2022,27,Kota Tasikmalaya,168313162072.0,159043569254.0,17440517000.0,11877941377.0,6867043837.0,6867125110.0,185075715500.0,163573577959.35
2022,XII,Prov. Banten,7921445500000.0,7777071655135.0,20284560000.0,18383034050.0,56731718520.0,56731718520.0,385478755893.0,350953118837.03
2022,1,Kab. Lebak,157990931461.0,164514306909.0,14612120081.0,15340163939.0,5573222115.0,6023001558.0,200801783176.0,218272791600.0
2022,2,Kab. Pandeglang,79518138142.0,68103250289.0,21550393238.0,17105435057.0,14860532627.0,14860532627.0,192697019371.0,147775041735.75
2022,3,Kab. Serang,627500392154.0,507103393652.0,74238918232.0,27375934410.0,20769151434.0,20769151434.0,253616784118.0,252986314345.0
2022,4,Kab. Tangerang,2379700000000.0,2887451565572.0,80936033786.0,61224155529.0,62299570907.0,61364317512.0,606877901896.0,657111073553.0
2022,5,Kota Cilegon,645127680624.0,594791885713.0,21976117200.0,12894769942.0,18591510375.0,18591510375.0,116095352955.0,100266024023.0
2022,6,Kota Serang,200855090000.0,179869785400.0,50627141500.0,27956569821.0,731439035.0,731439035.0,56743847238.0,54673429989.0
2022,7,Kota Tangerang,1656000000000.0,1738299162819.0,65578750000.0,54683882255.0,15948681881.0,14068451042.0,169568017937.0,303270218714.0
2022,8,Kota Tangerang Selatan,1538240466671.0,1794849714289.0,46867016500.0,29551491739.0,731439035.0,731439035.0,189473294313.0,185839174596.0
2022,XIV,Prov. Jawa Tengah,13754458219000.0,13484851151740.0,109285847000.0,115158014199.0,546716226000.0,546717104899.0,1731294114000.0,2117974302466.0
2022,1,Kab. Banjarnegara,71238500000.0,74794300599.0,28666525000.0,29884555580.0,18112861116.0,18112778934.0,170081371802.0,161717279032.0
2022,2,Kab. Banyumas,307546471000.0,267236064377.0,22493656435.0,27994044681.0,21000000000.0,21801615649.0,513111244825.0,426478186192.0
2022,3,Kab. Batang,124000000000.0,128101352259.0,25941308600.0,21628808706.0,13053444717.0,13058044717.0,118674146455.0,118160282315.1
2022,4,Kab. Blora,58580000000.0,64112572349.0,11117160000.0,11522718838.0,78179000000.0,78180521351.0,166565457697.0,172259556525.0
2022,5,Kab. Boyolali,155802500000.0,172840946385.0,14718611000.0,15005809615.0,19697599000.0,21219258776.0,215701051000.0,212647069535.0
2022,6,Kab. Brebes,146325000000.0,139664372934.0,35804020000.0,18552767353.0,11176082128.0,10983313519.0,235431211583.0,155850816236.0
2022,7,Kab. Cilacap,264900375000.0,280047982509.0,23296617915.0,19342777448.0,57359621915.0,57360003796.0,344975797214.0,314409656801.74
2022,8,Kab. Demak,174430000000.0,187735844001.0,25598586000.0,27541048294.0,24672300000.0,24738037893.0,223721891712.0,237192089783.8
2022,9,Kab. Grobogan,123830000000.0,140146262104.0,11971478378.0,11780182460.0,27731881000.0,27731883442.0,203091587274.0,174070967044.0
2022,10,Kab. Jepara,176772840000.0,178236117668.0,22779527000.0,20808059031.0,11818989000.0,12923366443.0,221531382000.0,215544576879.0
2022,11,Kab. Karanganyar,190150000000.0,225025310354.0,7221662000.0,8702252214.0,18096123000.0,15294416306.0,224537662084.0,239745779012.05
2022,12,Kab. Kebumen,121170200000.0,129845616038.0,32501085000.0,28374432419.0,17600000000.0,17640585052.0,269161766000.0,336635817255.0
2022,13,Kab. Kendal,256100000000.0,219755610693.0,30814482000.0,23503544432.0,24875135754.0,24949384154.0,218286858000.0,169819601849.73
2022,14,Kab. Klaten,134000000000.0,146179152569.0,15315007116.0,17152918048.0,14299813008.0,18641433357.0,165514557562.0,176074600015.0
2022,15,Kab. Kudus,157040386000.0,166438173801.0,29460617000.0,23927068698.0,10688534000.0,9459247784.0,208432915000.0,185938830756.0
2022,16,Kab. Magelang,154699287594.0,167706724383.0,18664047120.0,18964910413.0,28082640133.0,28082640133.0,201405956815.0,152897173358.0
2022,17,Kab. Pati,123059570000.0,142237812783.0,27784116000.0,23633166839.0,29863469000.0,33640326480.0,182928556000.0,189237995722.0
2022,18,Kab. Pekalongan,108334282700.0,110344250965.0,29004357798.0,23994541269.0,10801701491.0,11047546371.0,275467083149.0,197581498962.55
2022,19,Kab. Pemalang,93141882000.0,98350308123.0,38901000000.0,29738905298.0,23007649000.0,23007651678.0,170106753000.0,180904594180.0
2022,20,Kab. Purbalingga,65501110000.0,73252952786.0,13778461000.0,14737903034.0,19664095000.0,19664097904.0,183421517000.0,197747076364.0
2022,21,Kab. Purworejo,90776108033.0,100654083238.0,34639972250.0,16364680439.0,13723941495.0,13323941495.0,222080877565.0,182085918270.0
2022,22,Kab. Rembang,121705000000.0,110699397246.0,32224500000.0,17567825661.5,19250000000.0,12702367621.0,200991627000.0,148099507095.38
2022,23,Kab. Semarang,248762457000.0,222443526532.0,43088674600.0,38276882386.0,12916713000.0,12916714457.0,183753764400.0,195266975965.0
2022,24,Kab. Sragen,105000000000.0,118344911341.0,19140552060.0,18974584905.0,23942341300.0,24773847305.0,206187175548.0,172731906740.0
2022,25,Kab. Sukoharjo,214250000000.0,286291455840.0,17144651800.0,19667850010.0,39098713731.0,39098713731.0,123295475537.0,140669879508.0
2022,26,Kab. Tegal,133365000000.0,173244089124.0,26826948500.0,27131340642.0,14198601000.0,16815509083.0,283653201500.0,285564895349.81
2022,27,Kab. Temanggung,69760000000.0,74328726292.0,9959202250.0,9392603758.0,20373922628.0,21426146839.0,205846518778.0,183710207899.0
2022,28,Kab. Wonogiri,60820000000.0,70068172089.0,13154275750.0,15123205938.0,19730883691.0,19730883691.0,199314988812.0,227887334042.0
2022,29,Kab. Wonosobo,50050000000.0,60064453030.0,10695978480.0,9358136810.0,21910340683.0,22087666564.0,153540453834.0,125976507453.0
2022,30,Kota Magelang,41970000000.0,49677891892.0,5895321000.0,7594467358.0,8280838000.0,8960533259.0,270228909556.0,309915214890.0
2022,31,Kota Pekalongan,94600000000.0,101303220850.0,21394190000.0,19085107128.0,6434053000.0,6434311659.0,133405450000.0,127357429332.0
2022,32,Kota Salatiga,69470000000.0,75518553026.0,10892475000.0,11314579445.0,20732135000.0,20463337373.0,117549428938.0,133651837888.0
2022,33,Kota Semarang,1937950180074.0,1957731382967.0,110704628900.0,102457139771.0,66717312156.0,66717372156.0,418271336672.0,588126794355.0
2022,34,Kota Surakarta,485700000000.0,408526805553.0,85443461840.0,60834204386.0,15166108669.0,12977659177.0,153833490883.0,125678790571.0
2022,35,Kota Tegal,118861288000.0,109869836831.0,40848970000.0,26426862357.0,14637357000.0,14692565734.0,207646654000.0,188904343820.0
2022,XV,Prov. DI Yogyakarta,1924613524517.0,1951266436219.31,36120490654.0,38246349957.0,106108775113.0,107574323620.0,128033684115.0,158058145998.84
2022,1,Kab. Bantul,234088495863.0,252857438493.7,49689640820.0,42174348803.07,23707166955.0,21022905728.3,213368704758.0,223344283402.33
2022,2,Kab. Gunung Kidul,67461396870.73,77002244359.5,36047941500.0,30236710833.65,16552417743.4,16569133085.04,160397186500.0,189640744871.67
2022,3,Kab. Kulon Progo,97044618000.0,106215334889.95,9829408524.0,11115781343.0,15619099515.0,15652122473.42,142780277763.0,175175275211.95
2022,4,Kab. Sleman,752820000000.0,763120016904.0,31281454085.0,40435638852.0,38657466216.0,38866059319.8,208391920095.0,218634456638.2
2022,5,Kota Yogyakarta,414406600000.0,482269519901.0,25350785875.0,29050473794.0,31801607577.0,31556606183.06,162612761002.0,182700943119.59
2022,XVI,Prov. Jawa Timur,15046045643080.0,17573322019811.0,103561966400.0,119967595231.69,441684821030.0,441934318842.28,2531554291425.0,2993135258615.76
2022,1,Kab. Bangkalan,57393921496.0,55318534551.18,13147466700.0,15130366748.5,2933446403.0,2878946403.49,205167810624.0,137811584369.28
2022,2,Kab. Banyuwangi,202857977611.0,232659918122.72,73863753767.0,42958571915.82,25000000000.0,22401056861.23,224995229562.0,218249367649.57
2022,3,Kab. Blitar,114743250000.0,123608686190.0,18529260000.0,18090133320.0,2159386143.45,2059386143.45,219286892734.64,257396296934.19
2022,4,Kab. Bojonegoro,131128721921.0,160452624247.0,49991131457.0,33266747185.14,105025000000.0,137641553852.52,538266852446.0,471103400533.34
2022,5,Kab. Bondowoso,45273760250.0,40748088038.65,19117131398.0,16697579866.95,4544375370.0,4544375373.27,117457976784.0,97458357661.05
2022,6,Kab. Gresik,895965683770.0,783852015175.06,181296900000.0,90871266103.0,13660000000.0,13132195395.7,290749057472.0,277649973658.67
2022,7,Kab. Jember,294321940000.0,289503843460.0,48249287793.0,33023992945.0,6102248169.0,6829382856.25,346176406000.0,294508851925.0
2022,8,Kab. Jombang,135421000000.0,169928031969.0,17491649455.0,19129697540.53,4924141742.0,1802209128.56,307713781892.0,288087450931.45
2022,9,Kab. Kediri,221000000000.0,222092918748.4,23654691420.0,26233468362.0,10068418139.0,11152094535.05,261581087515.0,374074948702.85
2022,10,Kab. Lamongan,147391000000.0,154083648100.0,20701873200.0,23605842847.89,22855892314.0,17199695333.86,332086771810.0,314098972177.08
2022,11,Kab. Lumajang,92665000000.0,94324688165.0,21659510380.0,20154021678.25,5199369520.0,6619118139.75,197807083587.0,238975394938.46
2022,12,Kab. Madiun,79120000000.0,93537123651.52,9104057550.0,8892587049.06,7988234655.0,7988235164.21,234005986905.0,267007760799.26
2022,13,Kab. Magetan,61145300000.0,66510181067.0,29579580000.0,32138419545.0,4042170286.0,4042170286.2,112071269200.0,135481560292.37
2022,14,Kab. Malang,419491130963.0,402516571908.0,117983736162.0,34638402936.28,46243607975.0,23505888225.95,399310204482.0,276438762960.64
2022,15,Kab. Nganjuk,122305000000.0,134663287949.0,27301537582.0,21258126478.63,4099258628.0,4099258627.94,230477690117.0,261568697782.18
2022,16,Kab. Ngawi,69470000000.0,76083522987.0,8834934569.0,10246114230.63,12227517924.0,12227517924.45,212094282639.0,167154473963.84
2022,17,Kab. Pacitan,39017355000.0,42183915870.14,28029364879.0,26751098500.51,2890377322.0,2890377321.81,84679631617.0,94454068043.58
2022,18,Kab. Pamekasan,54136179068.0,46495888954.0,17855307212.0,9339672321.96,2225955478.0,2225955478.08,183473430995.0,159663051720.54
2022,19,Kab. Pasuruan,443289054983.0,452520753582.18,35571694949.0,33794826500.12,4854760005.0,4829702733.0,222614102150.0,245093460299.0
2022,20,Kab. Ponorogo,97530000000.0,105837062840.0,15055540000.0,14171137548.0,1152503800.0,1229530107.0,191621611500.0,176356796222.55
2022,21,Kab. Probolinggo,67998341000.0,31738738253.0,21572086430.0,16122730455.0,6616387068.0,6616387067.94,163933642616.0,119612126918.01
2022,22,Kab. Sampang,33445000000.0,36330681331.0,39247968000.0,30018425672.0,6522241496.0,5773347546.85,86617000000.0,111893970896.98
2022,23,Kab. Sidoarjo,1068000000000.0,1214783864845.49,64368142675.0,60672060848.94,31717095663.0,32410312618.5,580669562606.0,493652089985.78
2022,24,Kab. Situbondo,55681740297.0,57647054732.0,18847712367.0,13128406758.0,4247197029.0,4858708444.11,153878630221.0,155665784728.76
2022,25,Kab. Sumenep,34849350000.0,47189401783.25,9212595440.0,9528945161.0,15915000000.0,16021468294.79,175204938151.0,166466003185.13
2022,26,Kab. Trenggalek,42185300000.0,48107411692.0,18731320424.0,16679338076.0,5808756053.0,5836041735.95,346157497858.0,330797764874.47
2022,27,Kab. Tuban,275091686000.0,295820038577.0,32306066926.0,41449408309.0,18380278033.0,18032633647.34,221476366136.0,208061994056.78
2022,28,Kab. Tulungagung,120397000000.0,133576824382.0,16695504500.0,18081749300.0,6460163497.0,6460163497.56,396175125351.0,419272482985.6
2022,29,Kab. Mojokerto,347700000000.0,369860322350.0,41782531172.0,24458005164.77,5933363773.11,9043413586.63,221232057286.0,273346410049.37
2022,30,Kota Batu,179660798916.0,185687501032.0,11155003505.0,6946692353.0,3281683595.0,3281683595.51,7677474000.0,7397320699.15
2022,31,Kota Blitar,41159873632.0,45217714495.93,7785665339.0,6770221072.5,1104657721.0,885196947.24,125894460105.0,103349500659.36
2022,32,Kota Kediri,125355000000.0,137509757025.0,32610668500.0,25399333948.0,1959290344.0,1981685048.28,156140613823.0,154402469782.5
2022,33,Kota Madiun,95000000000.0,106165312122.76,17835800007.0,21380512837.0,15158702324.0,15595752355.97,114250064713.0,121057321174.06
2022,34,Kota Malang,566000000000.0,490804195295.04,53898685400.0,40392731805.0,28891896459.0,29510003383.89,69238021621.0,69152137829.01
2022,35,Kota Mojokerto,55892500000.0,66254825475.0,11313304319.0,12039645906.0,4815282000.0,3756701144.61,151892727023.0,150540284149.77
2022,36,Kota Pasuruan,46013000000.0,46650290289.0,8326592747.0,8117004501.0,6466563923.0,6115362978.37,94858729227.0,100670829638.32
2022,37,Kota Probolinggo,57746250000.0,55643023132.0,16919109073.0,12995734364.0,1470762667.0,1353258667.97,145150444845.0,121545767006.66
2022,38,Kota Surabaya,4986676675617.0,4157523532672.0,370184163024.0,269548199445.71,167621848477.0,233686218755.27,791863286536.0,630779718487.13
2023,XI,Prov. DKI Jakarta,43000000000000.0,43515914558091.0,462105437613.0,454052283271.0,545869249882.0,545869249987.0,4434068961336.0,4632058461190.0
2023,XII,Prov. Jawa Barat,22983763184193.0,22467329387753.0,51618580872.0,60805884732.0,541265527276.0,541138347206.0,1221848864821.0,1637721549756.0
2023,1,Kab. Bandung,733030319370.0,656595362676.0,55793710009.0,41339505899.0,93257350421.0,93255802044.0,445860770385.0,505630898458.3
2023,2,Kab. Bandung Barat,549000000000.0,508940718263.0,21375051392.0,17765340773.0,1253070525.0,1321849697.0,361502385101.0,171240427520.03
2023,3,Kab. Bekasi,2430015920949.0,2370875955288.0,153404944548.0,159807820138.0,24499431098.0,30599588080.0,260738458870.0,305205423014.0
2023,4,Kab. Bogor,2611901892500.0,2805983839344.0,150946077560.0,125765422525.0,76280118159.0,74682648524.0,1114976126641.0,1028696178247.07
2023,5,Kab. Ciamis,79304003983.0,79339832009.0,11488839250.0,11479999642.0,4187066043.0,4187066043.0,181932001544.0,179109518751.0
2023,6,Kab. Cianjur,247248060043.0,273419136177.0,50095443227.0,28083531667.0,11058995598.0,11058995598.0,451309125908.0,432288309451.06
2023,7,Kab. Cirebon,326289274000.0,328734776136.0,31610233581.0,32401830073.0,14454000000.0,14458949796.0,414055554401.0,368928982975.82
2023,8,Kab. Garut,171972000000.0,173835653663.0,24041122140.0,20913150084.0,7515950022.0,7336469580.0,324021002565.0,333545977438.0
2023,9,Kab. Indramayu,171506000000.0,189570532169.0,31579398325.0,27773959738.0,19956501836.0,12454683706.0,406527818144.0,314173579855.0
2023,10,Kab. Karawang,1284057438100.0,1349978383488.0,72855906536.0,66244507045.0,10906689800.0,10906689800.0,308548860904.0,335382485918.91
2023,11,Kab. Kuningan,135645749600.0,122611665367.0,156634653646.0,55690246154.0,7371500000.0,6674861370.0,222550093010.0,165270051616.0
2023,12,Kab. Majalengka,174388210375.0,155209767868.0,18049318726.0,13275395081.0,9810220866.0,9524899395.0,349735345756.0,344613954796.99
2023,13,Kab. Pangandaran,84181889613.0,76347564838.0,34055273400.0,37950037757.0,830000000.0,602205428.0,95955000000.0,127866269852.19
2023,14,Kab. Purwakarta,510759250000.0,338160104269.0,41449934774.0,20397567606.0,9717532000.0,7427509729.0,226158063521.0,188869603295.0
2023,15,Kab. Subang,334000000000.0,313816442196.0,42514219000.0,21419732081.0,48264104679.0,28071168466.0,215574440900.0,231358457573.0
2023,16,Kab. Sukabumi,294927000000.0,292655062441.0,17155360000.0,15427478136.0,11166150000.0,11204995847.0,362211249768.0,405236815418.0
2023,17,Kab. Sumedang,285185678752.0,222791864642.0,18069211247.0,8473124358.0,13214156341.0,12491956500.0,300091667811.0,274928046490.44
2023,18,Kab. Tasikmalaya,96239000000.0,95107412381.0,9332774851.0,5019507516.0,23830573860.0,24152104549.0,239148651854.0,170896247200.44
2023,19,Kota Bandung,2331730000000.0,2287620693710.0,41780855055.0,37945959898.0,18553911755.0,17205188524.0,755965025512.0,597196771526.0
2023,20,Kota Banjar,20482950801.0,20580904903.0,7281324691.0,6867017100.0,5500000000.0,4587468737.0,125420270528.0,100473781546.0
2023,21,Kota Bekasi,2454131964573.0,2135094465326.0,90721709063.0,77489059416.0,14399147370.0,10525979950.0,438427009473.0,506670187359.0
2023,22,Kota Bogor,973102231105.0,897753380910.0,54039453685.0,31081390548.0,33539076644.0,33960776435.0,342580071400.0,375822720275.8
2023,23,Kota Cimahi,193265398170.0,210047188688.0,12033217745.0,12952897377.0,11627628409.0,11627628409.0,190550952906.0,190990592327.0
2023,24,Kota Cirebon,211337861000.0,217956819916.0,15909860000.0,11404965314.0,8055501000.0,6850064199.0,309233470936.0,215796655015.0
2023,25,Kota Depok,1400250000000.0,1457795250901.0,34672313450.0,37876062077.0,27071215126.0,19090523110.0,278014249733.0,238243637985.1
2023,26,Kota Sukabumi,63180065975.0,69778983066.0,5869354800.0,6402303741.0,5025635160.0,5025635160.0,314233872303.0,326258071768.0
2023,27,Kota Tasikmalaya,162480186629.0,165183534730.0,15836520000.0,12333653274.0,7337970075.0,7338000075.0,178224822871.0,179447075072.64
2023,XIII,Prov. Banten,8359205993432.0,8078043383983.0,16724030580.0,16653438790.0,60755038425.0,61808501616.0,440889274023.0,357843069874.0
2023,1,Kab. Lebak,182200000000.0,169434953282.0,20670678840.0,16650117972.0,6160472846.0,6383013937.0,240749992990.0,241824649542.0
2023,2,Kab. Pandeglang,89068138143.0,71569062469.0,18116644700.0,16631304934.0,16660598949.0,16660598949.0,167842943257.0,134058891303.75
2023,3,Kab. Serang,687998284828.0,539805674041.0,80733720338.0,35321450150.0,21844221657.0,21844221657.0,270982670942.0,281961344093.0
2023,4,Kab. Tangerang,3121400000000.0,3490363924921.0,103578144366.0,123597357167.0,64374129692.0,64854494983.0,632157584950.0,723376541271.0
2023,5,Kota Cilegon,748564137077.0,564663617584.0,32099119127.0,40710044155.0,18602059216.0,17982278491.0,122775619608.0,116447513616.0
2023,6,Kota Serang,226846110000.0,192901866052.0,33816357500.0,8512441450.0,1121586632.0,995297470.0,84420448787.0,73382003512.0
2023,7,Kota Tangerang,1925000000000.0,1947444196342.0,66291215000.0,75402815127.0,14495325872.0,14495325873.0,196818990438.0,234050521265.0
2023,8,Kota Tangerang Selatan,1798978245276.0,1917838950888.0,43095399996.0,47503933981.0,735000000.0,771586632.0,194817774363.0,190173247740.0
2023,XIV,Prov. Jawa Tengah,15266021456000.0,13976655056851.0,133505332000.0,139330613136.0,638480906000.0,638482406528.0,1884945498000.0,2256243847893.0
2023,1,Kab. Banjarnegara,80153600000.0,82082493343.0,29348140000.0,31636787602.0,21247184203.0,21421057648.0,196992943645.0,200352884271.0
2023,2,Kab. Banyumas,315000000000.0,297081716066.0,25872115565.0,27357870743.0,20450000000.0,26861536807.0,509237162829.0,510520349238.0
2023,3,Kab. Batang,135150000000.0,146766799213.0,26550800000.0,25829006670.0,14301507572.0,14301507571.0,134439884259.0,137655679302.65
2023,4,Kab. Blora,66400000000.0,71520820725.0,10093000000.0,10567212843.0,77220886000.0,78743013069.0,172840500000.0,198657760719.0
2023,5,Kab. Boyolali,180512000000.0,182486143114.0,13841472000.0,17498112575.0,21893694000.0,23240383323.0,248202033000.0,255325925949.0
2023,6,Kab. Brebes,182850000000.0,179815571425.0,27675424500.0,18240769428.0,11176082128.0,10711728404.0,270349882380.0,257241612229.75
2023,7,Kab. Cilacap,292600000000.0,296270228744.0,23220715990.0,19684990112.0,60134845365.0,61133781992.0,371594953208.0,380183136889.89
2023,8,Kab. Demak,170683000000.0,194225836352.0,26832150000.0,28894414463.0,26842967000.0,28824607451.0,237393050860.0,256060524468.83
2023,9,Kab. Grobogan,144250000000.0,165305489253.0,12467753776.0,12913616420.0,31568392000.0,32374497780.0,210210100000.0,222257624345.0
2023,10,Kab. Jepara,203217792000.0,180683638144.0,31130301000.0,22745307136.0,14423688000.0,13663553883.0,221037964000.0,229004156901.0
2023,11,Kab. Karanganyar,205946600000.0,235835863168.0,9522760800.0,10399890007.0,18831712806.0,19207774395.0,172036078279.0,176418866854.0
2023,12,Kab. Kebumen,133030000000.0,137220334202.0,36368440000.0,28898740129.0,19123337000.0,19123340688.0,244299270000.0,278480773196.0
2023,13,Kab. Kendal,268867099980.0,300762567302.0,28667041330.0,27674094149.0,26350028385.0,26350028385.0,204555313528.0,176609490006.0
2023,14,Kab. Klaten,155000000000.0,165852621120.0,16054516821.0,18752608690.0,21741480894.0,21741480548.0,133651400607.0,132715950284.0
2023,15,Kab. Kudus,174288764000.0,183825346945.0,31303382000.0,28729697717.0,9971340000.0,9971341235.0,258128212000.0,279786404250.0
2023,16,Kab. Magelang,179322908877.0,189568476778.0,19874479802.0,18992881583.0,29664089642.0,30598215796.0,214787816092.0,226292683627.0
2023,17,Kab. Pati,133962000000.0,156737653451.0,21924037000.0,26712358630.0,29863469000.0,33809638988.0,190742819000.0,223742325700.0
2023,18,Kab. Pekalongan,112968665000.0,110054648276.0,27086751000.0,14938319664.0,12920089000.0,11051063074.0,296384235000.0,249728102335.06
2023,19,Kab. Pemalang,111532200000.0,116206493658.0,45829100000.0,35186094468.0,23940946000.0,23940780939.0,219507397000.0,173750812561.0
2023,20,Kab. Purbalingga,78158668000.0,79870598081.0,17499028000.0,18477793831.0,20269337000.0,20501788972.0,199871941000.0,222229933571.77
2023,21,Kab. Purworejo,102388108887.0,102276349264.0,32948224398.0,19169894753.0,14438443883.0,14457361320.0,245184239670.0,233884456644.0
2023,22,Kab. Rembang,155124585000.0,114392935143.0,33470500000.0,19522049430.5,20212500000.0,13046001354.0,178760154753.0,194511527600.07
2023,23,Kab. Semarang,270425627000.0,253685038234.0,51428019800.0,42025300156.0,12438064000.0,11487707562.0,200027627000.0,222956760791.0
2023,24,Kab. Sragen,121500000000.0,143358242843.0,22531288160.0,19627828682.0,28654523837.0,28654523837.0,209232531817.0,212469840357.0
2023,25,Kab. Sukoharjo,249600000000.0,322272545286.0,20150287550.0,24184714724.0,39448230309.0,39448230309.0,136371113359.0,151532948649.0
2023,26,Kab. Tegal,222948270000.0,192718818650.0,34539102000.0,29512381365.0,17103933000.0,17103936253.0,295892159000.0,282066089013.72
2023,27,Kab. Temanggung,74947290400.0,79680231417.0,10849288000.0,11496076544.0,21311076903.0,21311076903.0,204323309860.0,237597799109.0
2023,28,Kab. Wonogiri,69195000000.0,76531068413.0,11923493400.0,13382281735.0,20381797642.0,20381797642.0,164520849479.0,177575505012.0
2023,29,Kab. Wonosobo,62430000000.0,65450690897.0,11793625000.0,11136619508.0,24320779534.0,23040333270.0,175781248307.0,167193102793.91
2023,30,Kota Magelang,52510000000.0,58054811662.0,6819604000.0,8387983403.0,11125403000.0,10877026257.0,236006141117.0,247349810283.0
2023,31,Kota Pekalongan,100800000000.0,115478385828.0,21983402000.0,16722559411.0,6604200000.0,7117204338.0,121057065864.0,113266238301.0
2023,32,Kota Salatiga,74873052000.0,82607207031.0,14641869000.0,16826646636.0,21280674000.0,21280725694.0,140057024000.0,163791965078.0
2023,33,Kota Semarang,2200262872393.0,2134352914529.0,152519479211.0,128678256968.0,76956408922.0,73271009532.0,454477588550.0,497568259612.0
2023,34,Kota Surakarta,524045000000.0,441128031998.0,80673058580.0,60048644631.0,16397255689.83,16638197110.0,161382125319.0,117830593874.0
2023,35,Kota Tegal,132842702000.0,115985196490.0,43276632000.0,30725261935.0,17838457555.0,16548556617.0,222698194174.0,171899397614.0
2023,XV,Prov. DI Yogyakarta,2088941497868.0,2069612267000.57,33564359756.0,33166009552.0,109070217574.0,109790680460.56,137132510505.0,156116083990.41
2023,1,Kab. Bantul,249088495863.0,269918537186.0,43302138144.0,42382506560.8,20199694868.0,20515070732.29,226694993959.0,254552831193.83
2023,2,Kab. Gunung Kidul,76056035000.0,80212233070.0,34276784905.0,35520370106.0,16354127008.0,16354134672.0,140553240239.0,145232498949.79
2023,3,Kab. Kulon Progo,114656284700.0,96627182570.0,10652559347.0,12060319478.0,18348608669.0,18348267703.08,164789310481.0,197017896601.93
2023,4,Kab. Sleman,782223000000.0,833220962563.0,37979266150.0,41791670858.0,39811758078.0,38698020699.57,228920390516.0,216447206120.02
2023,5,Kota Yogyakarta,467006800000.0,550547506322.0,28349689090.0,29660591298.0,32866030865.0,32830241608.86,167046061501.0,190634938250.67
2023,XVI,Prov. Jawa Timur,18104150000000.0,18361929732237.0,95748400550.0,117836926784.3,471791967347.0,459794636270.32,3001253247822.0,3377692611323.7
2023,1,Kab. Bangkalan,63181008898.0,65802194427.27,14047452400.0,13623615616.57,3101137120.0,3101137120.31,264117692348.0,267847707224.04
2023,2,Kab. Banyuwangi,244490000000.0,282347686913.0,78710000000.0,47561267268.17,24950000000.0,22910845984.92,228396564200.0,214905163347.0
2023,3,Kab. Blitar,127792057114.0,128655310722.76,26320999585.0,19618327703.5,5087120690.0,4948988143.55,222911833874.46,258407088406.63
2023,4,Kab. Bojonegoro,137141658017.0,168840845572.0,69323659475.0,39389852226.52,182540313221.0,182683243729.88,554500945069.0,484661182474.4
2023,5,Kab. Bondowoso,49134556436.0,43384281391.0,22663724898.0,21566390779.68,4629838580.0,4629838580.0,174375744410.0,140732514196.47
2023,6,Kab. Gresik,968415082376.0,793322958442.23,321527126882.0,87430225680.0,13356716195.0,13425554336.3,280814842061.0,276792846694.58
2023,7,Kab. Jember,322450000000.0,288151785388.0,30283548920.0,27374994636.0,7189012400.0,7189012393.75,486064582165.0,441781374537.18
2023,8,Kab. Jombang,163627000000.0,185969721019.0,19862764623.0,24643351162.0,7308019425.0,5778730454.51,361840818680.0,412194021106.85
2023,9,Kab. Kediri,257953317700.0,268862706928.78,29589373500.0,28137586670.0,11940999505.0,11392016816.9,286870029570.0,327527194977.37
2023,10,Kab. Lamongan,163163536500.0,160187718511.56,20535686700.0,18784931531.0,22240107300.0,22627048677.73,311656460000.0,326300868805.52
2023,11,Kab. Lumajang,105000000000.0,104529417077.0,21573495280.0,19071625885.5,5975481194.0,5917039746.4,192708028257.0,214111799006.58
2023,12,Kab. Madiun,90362500000.0,100750731731.0,11074269650.0,10697072521.02,7750433414.8,7750433492.45,188854220338.97,202432100761.45
2023,13,Kab. Magetan,67010000000.0,70639858784.0,36938195000.0,38454470924.0,4207831355.67,4207831355.67,124494003460.0,118380292600.65
2023,14,Kab. Malang,476666164778.0,454122689046.0,119529323105.0,34603099072.0,46849399240.0,25482015537.05,382541168161.0,324701408888.84
2023,15,Kab. Nganjuk,136875250000.0,149428717529.0,29260340224.0,29387629456.88,4425444869.0,4425444868.86,201863707600.0,222603302867.14
2023,16,Kab. Ngawi,80294000000.0,94719239898.0,9183183299.0,10727828524.0,13026056074.0,13026056073.55,192789143942.0,189019975094.88
2023,17,Kab. Pacitan,42721577100.0,43436161592.63,21428121967.0,17849906660.0,2956298187.0,2956298187.39,136515044129.0,145480437635.64
2023,18,Kab. Pamekasan,52288055000.0,54127279430.0,10960304118.0,9506012740.0,2280431548.0,2280431547.52,229587968577.0,239387662781.76
2023,19,Kab. Pasuruan,475177777777.0,503821914581.69,38435818799.0,39395504706.61,4654760005.0,4982159407.0,229307138602.0,277112109710.16
2023,20,Kab. Ponorogo,114390583995.0,130172175552.0,19200010000.0,18624660793.0,3513121791.0,3513121790.64,196018339862.0,189959986200.42
2023,21,Kab. Probolinggo,86265000000.0,88717504471.18,25587448734.0,22786190311.0,6616387068.0,6746983892.86,175008164798.0,181044091228.919
2023,22,Kab. Sampang,34590000000.0,37086702802.55,28334998000.0,22548457547.0,6442393226.0,6442831933.15,251618728440.0,266180917212.61
2023,23,Kab. Sidoarjo,1215000000000.0,1302626605440.26,51832726878.0,52105726006.0,39759992614.0,39759992614.5,606542908477.0,656322376301.31
2023,24,Kab. Situbondo,66991996583.0,59963461725.0,17126508757.0,14187976975.0,4963034363.0,4963034363.05,163392431763.0,186895311229.39
2023,25,Kab. Sumenep,38098700000.0,47892151015.27,11305830859.0,12521742745.53,15240000000.0,15357366398.77,199447022240.0,224178029904.76
2023,26,Kab. Trenggalek,50211500000.0,55434711327.0,25661110906.0,19606921161.0,5408000000.0,5401239576.01,205971323417.0,180951479503.02
2023,27,Kab. Tuban,316074760000.0,357399070449.69,28737829761.0,32836481016.0,18539063996.0,18373398496.66,242902480616.0,272686376532.88
2023,28,Kab. Tulungagung,133397000000.0,138720787462.0,19515834600.0,19012194023.0,6953571108.0,6953571109.5,420477176703.0,554835564643.56
2023,29,Kab. Mojokerto,391174190020.0,369537744691.0,37804816399.0,31114896163.76,10417837280.0,10417837280.95,234266075523.0,245055808883.83
2023,30,Kota Batu,213748711000.0,203705200077.0,25714815000.0,5200142335.0,3485142889.0,3447670882.69,8604965947.0,9924918558.79
2023,31,Kota Blitar,48418787698.0,56461439843.34,8115260641.0,7810731821.23,1042119575.0,1042119574.56,110782857987.0,106248981451.92
2023,32,Kota Kediri,132760000000.0,139623096743.0,28815890590.0,16044421699.0,2045144581.0,2045144581.92,163376638793.0,193456644787.92
2023,33,Kota Madiun,104240450000.0,113514116369.67,18446515665.0,22545817553.0,16160694027.0,14983008032.73,122967683216.0,104508495522.52
2023,34,Kota Malang,834000000000.0,610377429549.81,55019090400.0,49774166383.0,29453299602.0,30267899526.91,83319617859.0,101700503758.45
2023,35,Kota Mojokerto,67738000000.0,68401237069.0,10699723938.0,9436840651.0,3827351060.0,3827351060.0,152841843451.0,170931706065.0
2023,36,Kota Pasuruan,50765000000.0,52473038186.78,15606594900.0,11352749457.0,6333484167.0,6283921167.03,134174470316.0,109515922830.89
2023,37,Kota Probolinggo,60429219278.0,56636986040.36,14138419314.0,12186552408.0,1470762667.0,1421600239.43,122139363642.0,139538990773.5
2023,38,Kota Surabaya,5112148614656.0,4562879779487.0,410802472144.0,289419854468.64,222512698894.0,152380733841.13,846960532964.0,767216346455.87
2024,XI,Prov. DKI Jakarta,44980000000000.0,44392600799617.0,647749998376.0,745521064859.0,634395407063.0,631391357669.0,4204598994964.0,4903454123164.0
2024,XII,Prov. Jawa Barat,23078029493976.0,23432058912013.0,800718924489.0,806580892930.0,430595755275.0,430658809497.0,572864445961.0,689462415686.0
2024,1,Kab. Bandung,879297571668.0,639376234894.0,580613242343.0,532726608165.42,98412499153.0,87613010854.0,48588016963.0,52832258876.0
2024,2,Kab. Bandung Barat,571000000000.0,590270186129.0,17789533900.0,14688709169.0,1253070525.0,1306239012.0,196891962446.0,94533690886.0
2024,3,Kab. Bekasi,2757098400000.0,2440101382961.0,167848784223.0,148088948104.0,25276198303.0,10682374031.0,311363659322.0,214701151799.0
2024,4,Kab. Bogor,2890535400000.0,3165041953550.0,1103452722060.0,1192248378567.61,77598507685.0,79014844959.0,374311035573.0,116000761874.0
2024,5,Kab. Ciamis,82425849650.0,84676876794.0,216798914131.0,199740649176.0,3611035126.0,3645805996.0,6866956288.0,6720762703.0
2024,6,Kab. Cianjur,278392925985.0,291425433617.0,504716431826.0,373972530211.0,9940121674.0,9940121674.0,150159019718.0,110529964647.0
2024,7,Kab. Cirebon,370540327246.0,338928087968.0,437738050280.0,319208248572.77,14660587939.0,14683818841.0,30093236489.0,21518794258.0
2024,8,Kab. Garut,180000000000.0,168681527751.0,239380938604.0,213998651007.0,7589428181.0,7589428181.0,134174217934.0,136222767032.05
2024,9,Kab. Indramayu,194054000000.0,205025231941.0,444448224750.0,288634371801.75,13470551161.0,9933543802.0,15032471000.0,13670965156.0
2024,10,Kab. Karawang,1405557438100.0,1431110098154.0,323826395616.0,330586759768.09,11356768057.0,10980207535.0,30745250075.0,53850990468.0
2024,11,Kab. Kuningan,143249772509.0,136016852143.0,36522292664.0,11709184158.0,6644943280.0,6644943280.0,199953514720.0,173032312815.0
2024,12,Kab. Majalengka,172578996000.0,167148608345.0,362239250810.0,339530230785.0,8235616793.0,8235616793.0,35388048305.0,9605256263.88
2024,13,Kab. Pangandaran,101018267539.0,83324252381.0,37575755900.0,34371136971.0,830000000.0,525178733.0,115821363916.0,14777211115.0
2024,14,Kab. Purwakarta,459958627093.0,374330507167.0,53011665700.0,41320608041.0,7635881071.0,6818406753.0,221839417552.0,177157996958.0
2024,15,Kab. Subang,342380118500.0,387581252410.0,93559515980.0,24322903042.0,28496619001.0,18757480918.0,212142036890.0,242820900764.59
2024,16,Kab. Sukabumi,299917285620.0,289463691722.0,367914960030.0,301276759099.0,11557300000.0,10725738179.0,38977915472.0,148901054150.0
2024,17,Kab. Sumedang,261282748512.0,239412061201.0,313146060902.0,281082236396.0,12785454466.0,11880680700.0,23993914215.0,11004100674.69
2024,18,Kab. Tasikmalaya,110710124764.0,104211453805.0,244931878724.0,165743708469.0,25815978806.0,25815979302.0,13229702169.0,11602365735.05
2024,19,Kota Bandung,2658126837178.0,2398974264375.0,714376992032.0,548379102036.9,19225897329.0,16105401199.0,57397064943.0,127548003466.0
2024,20,Kota Banjar,25955251000.0,25191156364.0,11375895600.0,10858988186.0,6170625571.0,4170625571.0,129664072772.0,89675202626.0
2024,21,Kota Bekasi,2699791241904.0,2039656052576.0,552173962367.0,504569555259.0,14921251298.0,13545399885.0,83349673983.0,63483530958.0
2024,22,Kota Bogor,984800000000.0,973768860850.0,417231785419.0,417445452990.24,34537163762.0,34287164524.0,24531114681.0,33194600945.0
2024,23,Kota Cimahi,216900000000.0,241963706508.0,193008941285.0,215584417401.0,10571076808.0,10571076808.0,8638706519.0,13763418183.0
2024,24,Kota Cirebon,281507565359.0,226058293884.0,329481994624.0,317062939456.0,15900000000.0,8570399813.0,27048810165.0,6986204357.0
2024,25,Kota Depok,1527582684411.0,1457796586365.0,261621507453.0,195793609875.0,19016816722.0,19144782326.0,34555629459.0,170218471637.0
2024,26,Kota Sukabumi,74621014217.0,81185960291.0,30255689110.0,34946166869.0,4942863937.0,4942863937.0,303857300469.0,315901639452.0
2024,27,Kota Tasikmalaya,163574975200.0,169039332962.0,191037673605.0,168188689712.06,6798558734.0,6798537734.0,10555528914.0,7697175948.0
2024,XIII,Prov. Banten,8614911017911.0,8551904015356.0,228333727283.0,238942579010.5,51909734739.0,51909734739.0,316793757106.0,181009017355.42
2024,1,Kab. Lebak,197100000000.0,145049364021.0,258211176332.0,231140516308.0,6255719809.0,6012475617.0,12535612055.0,13099875355.68
2024,2,Kab. Pandeglang,97873252178.0,77682914485.0,31256978426.0,18067757670.0,17112293126.0,13520473882.0,206306446035.0,97922084310.0
2024,3,Kab. Serang,789769680391.0,573257134656.0,350923371865.0,297251825028.0,19600932217.0,19600932217.0,18648385082.0,11856856074.0
2024,4,Kab. Tangerang,3356450000000.0,3615835888430.0,171184828441.0,210768209296.0,59751303034.0,60606042461.0,710565604796.0,728020859855.54
2024,5,Kota Cilegon,1068921449179.0,582234881323.0,124320308090.0,124419464422.0,22301609214.0,22301609214.0,8619235291.0,12624433015.0
2024,6,Kota Serang,220382187925.0,221367208783.01,57011549106.0,46735949633.34,1425299962.0,1045731389.0,16102946246.0,15741942033.13
2024,7,Kota Tangerang,2003300000000.0,2079123320223.0,249232330930.0,168390236387.0,15723830122.0,16064675538.0,53883790279.0,153068217881.0
2024,8,Kota Tangerang Selatan,2000049897583.0,2093592138119.0,136396728050.0,121879052597.0,701475939.0,701475939.0,137021654890.0,117024030329.0
2024,XIV,Prov. Jawa Tengah,15471102880000.0,14209868916041.0,2050687360000.0,2318799315818.0,687752278000.0,687813166201.0,384520107000.0,431224207027.0
2024,1,Kab. Banjarnegara,85978600000.0,86244874504.0,185812685000.0,264733760448.0,22922000000.0,22924652924.0,83986243000.0,10416160902.0
2024,2,Kab. Banyumas,337100000000.0,322863375120.0,529349248423.0,395968047395.0,27902435800.0,28191432745.0,52857186000.0,21474664227.0
2024,3,Kab. Batang,153366894000.0,162356389961.0,161542542588.0,167962689497.67,16602120002.0,16607120002.0,3899000000.0,10568815048.98
2024,4,Kab. Blora,81550000000.0,90268425222.0,238505000000.0,220542846200.0,98164000000.0,98214926711.0,9569564000.0,11767547109.0
2024,5,Kab. Boyolali,187765000000.0,181071615170.0,300393055000.0,286860303570.0,25810000000.0,26066085319.0,11971222000.0,11730879816.0
2024,6,Kab. Brebes,220000000000.0,200546017577.0,367063183920.0,378528978210.0,22000617011.0,19241056066.0,2695612243.0,50799767561.06
2024,7,Kab. Cilacap,324000000000.0,339712965158.0,345754567334.0,304169742759.62,58537364573.0,57684612463.0,108663807314.0,103142619788.78
2024,8,Kab. Demak,194344795000.0,223506943362.0,29172710000.0,40972036564.0,32858166000.0,32847401892.0,270233962341.0,297553286784.42
2024,9,Kab. Grobogan,168510000000.0,183227411712.0,242945222422.0,262678460764.0,35514160000.0,35514162963.0,7823800000.0,11051020538.0
2024,10,Kab. Jepara,192122566981.0,198253689501.0,261886186856.0,278252385410.0,11293642397.0,11293642398.0,7816263410.0,9968623835.0
2024,11,Kab. Karanganyar,217700930000.0,245820209492.0,188926096068.0,143995001503.0,21037753463.0,21556721990.0,9261075300.0,43056515498.0
2024,12,Kab. Kebumen,142880000000.0,130854282407.0,34328188000.0,31388353627.0,21751620000.0,21856399056.0,268233162000.0,302874112852.0
2024,13,Kab. Kendal,280288146010.0,221588802930.0,241201973348.0,197900835488.0,27396673645.0,27396673646.0,9694842276.0,9304980920.0
2024,14,Kab. Klaten,169000000000.0,180191372751.0,158280401599.0,148178216179.0,16916183332.0,23716628018.0,20709319991.0,18549704927.0
2024,15,Kab. Kudus,187898112000.0,199346476225.0,287334726000.0,317767347159.0,10840768000.0,10840770453.0,21323083623.0,18005399766.0
2024,16,Kab. Magelang,197862918270.0,208501749502.0,260167507636.0,238957999948.0,33095080477.0,33095080432.0,21638202310.0,15178327282.0
2024,17,Kab. Pati,141529048500.0,166144916100.0,236715402500.0,236785888089.0,29863469000.0,36589017334.0,8057236000.0,12878056281.0
2024,18,Kab. Pekalongan,114476214000.0,121973714843.0,27144194780.0,16354519838.0,11973864800.0,10773199567.0,290997989400.0,175281604108.11
2024,19,Kab. Pemalang,484666164778.0,484488924605.0,356792057565.0,203109113115.58,49105259793.0,27000995876.55,149001932501.0,148601787443.54
2024,20,Kab. Purbalingga,80237226000.0,86006915749.0,174803803000.0,184523561178.97,21449052000.0,21449060132.0,57217248000.0,61433380852.38
2024,21,Kab. Purworejo,108888556465.0,104217550433.0,323475535932.0,319159405483.0,16119649872.0,16119649871.0,7068533016.0,9070132614.0
2024,22,Kab. Rembang,143016000000.0,116342642385.0,33203500000.0,16194918297.5,25624191148.0,11645572806.0,221959260000.0,214011275151.59
2024,23,Kab. Semarang,298998057000.0,290548260147.0,293706148250.0,260871593652.0,13110000000.0,13652108236.0,7195631000.0,10412024431.0
2024,24,Kab. Sragen,145250000000.0,158045374844.0,111494532347.0,103930956578.0,31999393045.0,16934535174.0,160696700240.0,148927471840.0
2024,25,Kab. Sukoharjo,275850000000.0,294387469060.0,53619835232.0,21838756786.0,42298309636.0,42298309636.0,114865181675.0,115416492414.0
2024,26,Kab. Tegal,222948270000.0,207849187922.0,310318349000.0,355446737835.47,19171104000.0,19597159894.0,8286066011.0,17762418304.0
2024,27,Kab. Temanggung,78370855400.0,76926746042.0,10969140000.0,10925370668.0,22645578254.0,22645578254.0,246693370202.0,278354695054.0
2024,28,Kab. Wonogiri,66345000000.0,76723921290.0,186999871835.0,193294153853.0,20539654954.0,23000623622.0,9882374850.0,16443023588.0
2024,29,Kab. Wonosobo,71655000000.0,75758397770.0,203206238087.0,194383218200.0,25464935245.0,25809039238.0,14271932788.0,9137502356.0
2024,30,Kota Magelang,59010000000.0,58993684736.0,249830389643.0,246022726487.0,11972673000.0,4402754501.0,9045705000.0,12304761054.0
2024,31,Kota Pekalongan,107200000000.0,111701912911.0,142657055000.0,138801777539.0,7197536000.0,7197597251.0,7835625000.0,5303566593.0
2024,32,Kota Salatiga,88044163163.0,96219165860.0,164333407363.0,182807782282.0,23792126002.0,23424606758.0,14631914033.0,11476181909.0
2024,33,Kota Semarang,2389028620494.0,2198600674075.0,666899665632.0,536159128728.0,79688418778.0,83624549830.0,27697819501.0,57028462873.0
2024,34,Kota Surakarta,565350000000.0,464193427858.0,85602913011.0,78556516202.0,18905378622.0,18905378623.0,223327842348.0,79655431225.33
2024,35,Kota Tegal,143622127566.0,125888804143.0,248598982202.0,227061223976.0,21208899000.0,21541581163.0,11220731000.0,4017096155.0
2024,XV,Prov. DI Yogyakarta,2059869703526.0,2157532293945.0,73205530203.0,74059521764.0,121749510238.0,120935677671.93,99157677101.0,122647889297.7
2024,1,Kab. Bantul,267000000000.0,295769695357.8,323698865552.0,307612056781.0,20199694868.0,20083794982.3,7711526699.0,15038302976.16
2024,2,Kab. Gunung Kidul,85030500000.0,85724575940.0,137358801068.0,140866463015.0,18349052928.0,18349045772.0,50187271117.0,55963629432.0
2024,3,Kab. Kulon Progo,113474897520.0,91699175650.0,189103516456.5,215272262235.09,19733013941.0,19830696838.06,29276794446.78,31290745124.38
2024,4,Kab. Sleman,869022775000.0,851515175943.0,233738500268.0,250855652854.0,42893103269.0,43658935550.82,53981110997.0,38104547089.13
2024,5,Kota Yogyakarta,532000000000.0,575866739701.0,67893391760.0,76229748074.0,32309323293.3,31847065857.26,148852129530.0,171379822942.25
2024,XVI,Prov. Jawa Timur,17242259690507.0,19102764790634.0,2731153176209.0,3088014659577.88,473110452418.0,471687455732.72,643169601909.0,798455047492.89
2024,1,Kab. Bangkalan,77911414496.0,69144160350.0,320988994831.0,295115776834.0,4658837717.0,4751636805.0,3485745329.0,5643812217.0
2024,2,Kab. Banyuwangi,273401871960.0,300796858832.0,300968442240.0,263936669945.1,24950000000.0,23774290840.03,30679685800.0,9006835017.79
2024,3,Kab. Blitar,135018539103.0,133915663108.56,307830287100.0,245236526444.35,2535842076.05,2535842076.05,14141386644.0,14054726176.63
2024,4,Kab. Bojonegoro,157634030745.0,183582947627.4,51411895985.0,40275901284.0,156872525283.0,157324704423.48,538083107751.0,561847981671.04
2024,5,Kab. Bondowoso,55017001360.0,41121544727.0,28017854910.0,25758786851.24,4743208145.0,4743208147.23,147757933321.0,116027294148.21
2024,6,Kab. Gresik,1038700000000.0,960447713280.0,236145900000.0,118008753104.6,12645000000.0,12267234269.3,310353235728.0,294302786446.86
2024,7,Kab. Jember,345550000000.0,301945235807.0,49862544920.0,19486172229.0,7439012400.0,7584439331.25,525828695590.0,444943929148.07
2024,8,Kab. Jombang,194080000000.0,187950377399.0,17732270723.0,20168231938.96,7384450497.0,7283403750.66,365778434092.0,360234667357.28
2024,9,Kab. Kediri,304720000000.0,293049195122.0,29753090650.0,32131682401.0,13227527771.0,12757923367.6,345172063880.0,353650168187.59
2024,10,Kab. Lamongan,172098755489.0,177553111276.0,19401038840.0,17865469472.0,23983767826.0,21206931503.21,346166273830.0,342909064667.73
2024,11,Kab. Lumajang,105205000000.0,116120716102.0,258266165391.0,263538757429.74,6604737583.0,6754756552.09,5738022287.0,7164875604.56
2024,12,Kab. Madiun,103300000000.0,103106242722.0,22232083726.0,11455831674.0,8328111341.0,8481803579.25,223646718259.0,197717329047.7
2024,13,Kab. Magetan,72470850000.0,78959641908.0,30169538000.0,29477817068.0,3908462405.76,4736297848.34,158950307470.0,170625833886.19
2024,14,Kab. Malang,484666164778.0,526557109019.0,356792057565.0,222200169086.58,49105259793.0,27330995876.55,149001932501.0,160752421361.48
2024,15,Kab. Nganjuk,153308200000.0,143224011401.0,306950339998.0,279771430232.94,4641297791.0,4641297791.06,16671690208.0,15008835766.67
2024,16,Kab. Ngawi,94965500000.0,99095184105.8,13022359000.0,15210067856.0,14056962631.0,14048781126.05,209383812676.0,178980756567.61
2024,17,Kab. Pacitan,52335271300.0,52335361829.27,54042447150.0,45964857767.66,2900000000.0,3101336168.69,108355434157.0,98148629517.25
2024,18,Kab. Pamekasan,55965550000.0,59331041323.0,245776457814.0,237400152216.0,2280431548.0,2325576353.92,8200174399.0,7535851097.31
2024,19,Kab. Pasuruan,528588888888.0,518525830976.02,329508011533.0,372483026297.22,4654760005.0,5137050127.0,11490087899.0,8678336155.75
2024,20,Kab. Ponorogo,122488518685.0,122465298935.0,249561832255.0,198198875951.32,1883367866.0,1283367866.44,10478094113.0,5489829172.35
2024,21,Kab. Probolinggo,91622924866.0,104459105973.05,24424414300.0,25284101229.0,6616387067.0,6906966783.06,213416608300.0,212057114667.23
2024,22,Kab. Sampang,37570000000.0,35687984068.1,308709135966.0,260598522531.0,9500000000.0,6875655664.27,6441504684.0,6423711563.61
2024,23,Kab. Sidoarjo,1236250000000.0,1407663067473.4,811670795854.0,861595661847.07,38294754513.0,38107714620.5,31860504095.0,45692338032.79
2024,24,Kab. Situbondo,90939883159.0,56445674169.0,16194166233.0,10679501761.42,5040272639.0,5118248282.27,188862197969.0,163365507135.55
2024,25,Kab. Sumenep,45708496000.0,53588069906.48,201408268433.0,222548214338.27,13942861230.0,13742861230.09,11686156902.0,13285641634.23
2024,26,Kab. Trenggalek,56765000000.0,52831012776.0,20750631246.0,19399714951.0,5714447426.0,6365697365.69,210106802315.0,170409966417.84
2024,27,Kab. Tuban,347654000000.0,350017314534.0,306101400004.0,77798763978.0,19012223384.0,19310086377.81,11110126102.0,198650666356.0
2024,28,Kab. Tulungagung,154925000000.0,166808136448.0,457494282967.0,470660082411.3,7247861023.0,7247861023.38,7115093625.0,13738511022.69
2024,29,Kab. Mojokerto,389044500000.0,395837254177.5,306387556951.0,305824957703.91,11207692994.0,11207692993.61,4334500000.0,7745593702.85
2024,30,Kota Batu,240651738451.0,236648389227.0,28482488599.0,9687655470.0,3658833007.99,3658833007.99,8467518972.0,6818755301.42
2024,31,Kota Blitar,49606982952.0,52686647680.87,117828811800.0,99497021327.0,1469069219.0,979436641.76,6480240326.0,5753631082.78
2024,32,Kota Kediri,142673378814.0,149065798766.0,18859545160.0,23209113784.11,2800182066.0,2800182066.32,185571749739.0,214758427071.84
2024,33,Kota Madiun,109603926000.0,121651792796.0,136312408000.0,138895835650.97,14127425900.0,13456071814.53,2239218033.0,5218652671.47
2024,34,Kota Malang,845500000000.0,694253010377.75,52988018750.0,57835805841.82,30219416507.0,31413404192.61,81989312734.9,101433187386.5
2024,35,Kota Mojokerto,88815600000.0,90932035741.0,159944516261.0,148077037194.0,3921070337.0,3921070336.0,24936838145.0,21423263653.0
2024,36,Kota Pasuruan,54865459000.0,56960527326.9,106891164867.0,93075233953.0,6704984579.0,6298287299.13,7707295944.0,6656961280.11
2024,37,Kota Probolinggo,60341856147.0,56039363841.0,16832371420.0,18746173345.0,1609872868.0,1539068149.53,127996069280.0,109371731749.29
2024,38,Kota Surabaya,5168983486267.0,4784143630204.0,413533091681.0,304709225087.62,190042923841.0,195348090465.23,814105162258.0,764652333481.93
2025,XI,Prov. DKI Jakarta,48000000000000.0,23344072892011.0,1449458173488.0,493276215695.0,774000000000.0,38518059340.0,3964291353336.0,2213376850206.0
2025,XII,Prov. Jawa Barat,17500724356809.0,7738409293418.0,864654997997.0,324570013216.0,410640579501.0,349230992114.0,531765126324.0,331621883653.0
2025,1,Kab. Bandung,1316616837101.0,437679465583.0,579459042465.0,295935879668.14,112612499153.0,74953781362.0,20488016963.0,29493685851.0
2025,#REF!,Kab. Bandung Barat,741518755652.0,270710006442.0,194607048593.0,6696771903.0,1253070525.0,24000000.0,14642836786.0,5139009891.0
2025,#REF!,Kab. Bekasi,3679068431493.0,1371326039486.0,465092018388.0,51573738524.0,10228000000.0,7739202972.0,20000000000.0,87235261537.0
2025,#REF!,Kab. Bogor,3817688382057.0,2020555520257.0,1114295244174.0,431216457482.0,81939611038.0,18563031282.0,131606928597.0,61643590380.7
2025,#REF!,Kab. Ciamis,140445964600.0,68215091464.0,217045005051.0,76966830838.0,4306372939.0,3135506679.0,5049283969.0,16903342332.0
2025,#REF!,Kab. Cianjur,421687937078.0,174856580195.0,517050123682.0,171387540678.0,10000000000.0,8748383573.0,202052316594.0,77362730034.52
2025,#REF!,Kab. Cirebon,587949082583.0,247127869643.0,455372410642.0,125393170551.02,15853360903.0,15111908406.0,8740314087.0,20746688591.0
2025,#REF!,Kab. Garut,314495819085.0,101018823967.0,371046512196.0,165099054918.0,7336469580.0,4225251756.0,7792995286.0,14325246051.0
2025,#REF!,Kab. Indramayu,329324538811.0,144114078803.0,443276386759.0,112420216719.0,13470551161.0,8129980741.0,15087471000.0,8642856707.0
2025,#REF!,Kab. Karawang,1764341790450.0,923081775560.0,299012902472.0,172065043980.0,14195891565.0,5686656492.0,16047429425.0,18363226265.11
2025,#REF!,Kab. Kuningan,212452542278.0,99182081417.0,37469307969.0,3249477151.0,7465542192.0,6667050641.0,188272924232.0,78388685327.0
2025,#REF!,Kab. Majalengka,255578303158.0,109825666989.0,380115009928.44,173695217667.0,9609821310.0,6217081147.0,10891709220.84,6452659944.46
2025,#REF!,Kab. Pangandaran,110349557960.0,51415492079.0,162982520710.0,26892638944.0,820000000.0,226494417.0,2089868749.0,8581505709.0
2025,#REF!,Kab. Purwakarta,529091636852.0,201570062426.0,42794238233.0,21172673978.0,7635881071.0,6302871569.0,231263479657.0,74583004051.0
2025,#REF!,Kab. Subang,488136004574.0,223887180649.0,235107216865.0,82298759939.0,20071169400.0,5754143037.0,73030860951.0,30619062619.0
2025,#REF!,Kab. Sukabumi,443656072547.0,224299875422.0,373932314583.0,195123657620.0,11202474953.0,10389338141.0,13505999981.0,22816666223.0
2025,#REF!,Kab. Sumedang,335877042225.0,110175046641.0,335006946517.0,121021423395.0,13236555322.0,4198393108.0,6944700000.0,5311406087.01
2025,#REF!,Kab. Tasikmalaya,183021446016.0,80318212203.0,262205050047.0,88235285064.0,28524687846.0,14013165640.0,9458401760.0,3927962230.28
2025,#REF!,Kota Bandung,3379066179476.0,1295399864729.0,650611920202.0,211976605650.0,21159611200.0,18449658346.0,68185204943.0,43815764275.0
2025,#REF!,Kota Banjar,40280516402.0,17534493866.0,27849163355.0,8125364645.0,5500000000.0,3740618937.0,105148805120.0,46002215667.0
2025,#REF!,Kota Bekasi,3555302119118.0,1351956501831.0,480522450900.0,249242351240.0,16238744000.0,5697176598.0,42280994100.0,66556462322.0
2025,#REF!,Kota Bogor,1224732427374.0,590181760649.0,395084298949.0,243849228270.92,36118899553.0,5981852544.0,10740080955.0,26185197543.0
2025,#REF!,Kota Cimahi,322135093659.0,159144791416.0,189481122785.0,84587280327.0,11627628409.0,9481160420.0,42177957978.0,3425839330.0
2025,#REF!,Kota Cirebon,384669545456.0,154113151197.0,339822727989.0,86341036205.0,15900000000.0,1726174355.0,39487655913.0,8532875878.0
2025,#REF!,Kota Depok,2020443817376.0,856226251201.0,291415718221.0,72748387734.0,22016816722.0,22089910672.0,14658101579.0,88934197841.0
2025,#REF!,Kota Sukabumi,102382037679.0,59641411302.0,36354805378.0,16157694646.0,4753064486.0,3513960244.0,309312697785.0,118569455868.0
2025,#REF!,Kota Tasikmalaya,231050294492.0,81294413433.0,201913388213.0,20241613992.0,6798558734.0,5732059363.0,322095400.0,14031989183.0
2025,XIII,Prov. Banten,6229870863437.0,2756228529820.0,284752691760.0,102846483630.84,62058600000.0,49444843331.0,1743093370573.0,205080286207.23
2025,1,Kab. Lebak,248619758261.0,99987383775.32,272265551977.0,101695590079.0,6637561840.0,3426529805.0,1239500000.0,3149074163.24
2025,#REF!,Kab. Pandeglang,171585827660.0,67552105323.0,23026979392.0,5876870756.0,18712350200.0,9391355171.0,171649983970.0,7372712684.0
2025,#REF!,Kab. Serang,776707501032.0,323519348764.0,259335309589.0,100548256576.0,20076527000.0,13761430697.0,80738092417.0,33181563169.0
2025,#REF!,Kab. Tangerang,3763500000000.0,1771503920124.0,173297291886.0,85055601717.0,60509521940.0,27640353616.0,683958512062.0,357749463812.56
2025,#REF!,Kota Cilegon,852441609549.0,365835501099.0,130389906829.0,74429694755.0,26163404216.0,18252158676.0,21324138262.0,2291566895.0
2025,#REF!,Kota Serang,351300000000.0,117038983862.72,66640928250.0,23066723607.0,1308410992.0,629151223.0,5645646242.0,10247035048.36
2025,#REF!,Kota Tangerang,2792660929684.0,1248980203839.0,289952271509.0,76699668558.0,23467177212.0,11406377708.0,29695439705.0,144706542879.0
2025,#REF!,Kota Tangerang Selatan,2548478000000.0,1448088978279.0,144280359200.0,62149994021.0,735000000.0,629151223.0,87793862249.0,67107458027.55
2025,XIV,Prov. Jawa Tengah,12650725636000.0,5344742034673.0,1807585183000.0,1095850952318.0,707349144000.0,432126800551.0,377032903000.0,181831099626.0
2025,1,Kab. Banjarnegara,164220115300.0,56201630536.0,219580394000.0,80911226976.0,23760000000.0,22316054.0,9150162000.0,7389853638.0
2025,2,Kab. Banyumas,538655855427.0,0.0,544188550457.0,64398886309.0,31326114383.0,17599504132.0,51457186000.0,5010580011.0
2025,#REF!,Kab. Batang,230125000000.0,112294270400.0,157757588738.0,88254768486.0,17774761093.0,8696110528.0,6032457000.0,6974465411.58
2025,#REF!,Kab. Blora,134000000000.0,51376649834.0,250196000000.0,95326574562.0,100000000000.0,111387592920.0,4654000000.0,7897835215.0
2025,#REF!,Kab. Boyolali,250863463000.0,102160979603.0,318689225000.0,135404884271.0,22571300000.0,15921089597.0,10899981000.0,4322926762.0
2025,#REF!,Kab. Brebes,357000000000.0,116306965121.0,406657586737.0,166366575336.0,22764275046.0,8758935496.0,5508902582.0,988331498.46
2025,#REF!,Kab. Cilacap,490419979000.0,231061638013.0,378332875570.0,178947115875.0,61650000000.0,22004405121.0,98744303462.0,55725900481.53
2025,#REF!,Kab. Demak,274402717867.0,158240969138.0,292535653240.0,157524162107.6,34358166000.0,22899447221.0,5705249240.0,6000798121.0
2025,#REF!,Kab. Grobogan,291595012000.0,111527066425.0,250514246504.0,96271656233.0,34980434000.0,14136504161.0,7728030000.0,16672871200.0
2025,#REF!,Kab. Jepara,292408031500.0,155987587647.0,278439447331.0,151104216737.0,10921956475.0,5164530295.0,9412199528.0,5094879556.0
2025,#REF!,Kab. Karanganyar,316668063000.0,151024010029.0,186144234088.0,61685195273.0,19228683122.0,13302235471.0,4397275300.0,8143986332.0
2025,#REF!,Kab. Kebumen,231279999000.0,114583956639.0,282998137000.0,118572546986.0,25292867000.0,15278520282.0,7842348000.0,8755272788.0
2025,#REF!,Kab. Kendal,368932924435.0,138580087226.0,238575569038.0,103438592824.0,24561400000.0,13858252697.0,4769799900.0,16484624772.0
2025,#REF!,Kab. Klaten,298331879386.0,139011790027.0,175380676267.0,71975616012.0,19261992499.0,8216833303.0,14018252719.0,17126156898.0
2025,#REF!,Kab. Kudus,309338091000.0,115204203851.0,329611671476.0,141653502953.0,9031519000.0,6469913639.0,12027214000.0,2007502639.0
2025,#REF!,Kab. Magelang,295693741433.0,178736505761.0,255404554446.0,110606441756.0,36383590923.0,11643065965.0,12952111069.0,14132172011.0
2025,#REF!,Kab. Pati,255481320000.0,107990490581.0,257403938500.0,94656211088.0,29863469000.0,15411660985.0,5759222500.0,8443621606.0
2025,#REF!,Kab. Pekalongan,214750000000.0,89908636599.0,299473824875.0,42357389141.14,11369279451.0,5286161504.0,27512681336.0,9395209892.0
2025,#REF!,Kab. Pemalang,244058405000.0,71371664234.0,241905000000.0,13966262274.0,28812000000.0,13257335775.0,14998000000.0,10779306451.0
2025,#REF!,Kab. Purbalingga,158837000000.0,56983046185.0,165519199000.0,53053426746.46,22847965000.0,12533354995.0,53197430000.0,19413126254.03
2025,#REF!,Kab. Purworejo,170432135537.0,71719692546.0,314796958720.0,167014985391.0,16495361735.0,8791138502.0,3624180049.0,4354161243.0
2025,#REF!,Kab. Rembang,177386000000.0,60753575392.0,25054000000.0,7561302427.0,13317551792.0,7669498460.0,226729195000.0,111480120447.06
2025,#REF!,Kab. Semarang,428115134000.0,127575163178.0,291434304000.0,97499346742.0,13695199000.0,6350916218.0,7289794000.0,21142966121.0
2025,#REF!,Kab. Sragen,428115134000.0,154792226608.0,291434304000.0,122518188241.0,13695199000.0,8200330487.0,7289794000.0,21564169319.0
2025,#REF!,Kab. Sukoharjo,355012627000.0,118375218137.0,113938009694.0,7452711628.0,42607000568.0,22053189141.0,50756599975.0,6439757679.0
2025,#REF!,Kab. Tegal,370066609000.0,135416987448.0,309707181000.0,157721979234.0,17530000000.0,14373753430.0,9141862000.0,16004828434.0
2025,#REF!,Kab. Temanggung,138418634896.0,52186238853.0,198471211768.0,105905726531.0,21298004241.0,18730335896.0,53337154288.0,31442759018.0
2025,#REF!,Kab. Wonogiri,124920000000.0,67768085878.0,182605061322.0,86365557861.0,20539654954.0,10581309513.0,5687340771.0,6719461455.0
2025,#REF!,Kab. Wonosobo,129500911000.0,53799786473.0,202309853597.0,79365436604.0,27804572231.0,10077015436.0,4648638214.0,10762447063.0
2025,#REF!,Kota Magelang,96670100000.0,35112871547.0,242366051800.0,124003416895.0,12386623071.0,5819452001.0,8660000000.0,4108165899.0
2025,#REF!,Kota Pekalongan,148200000000.0,57672162808.0,144355743000.0,63842496355.0,7226934000.0,4146847749.0,4722522000.0,4328383288.0
2025,#REF!,Kota Salatiga,109263327376.0,49122758448.0,176728889664.0,64532363512.0,22744935000.0,14029657680.0,13169731600.0,4783422380.0
2025,#REF!,Kota Semarang,3040722250000.0,1322122595453.0,688841797729.0,244242846727.0,84386062278.0,29260116448.0,12312405000.0,72270039306.0
2025,#REF!,Kota Surakarta,640000000000.0,273540323114.0,89770003600.0,41933715444.0,19485081634.0,10277285573.0,181628048906.0,98015298905.38
2025,#REF!,Kota Tegal,192511370000.0,80458363298.0,237683979400.0,58117222259.0,23573026000.0,9868610729.0,4822900000.0,7629111963.0
2025,XV,Prov. DI Yogyakarta,1462082788059.0,693486057314.25,67968998020.0,30531790565.0,123993797426.0,123793196563.0,54195392429.0,44964152985.66
2025,1,Kab. Bantul,408211152680.0,196467300383.0,326428795450.0,128153432558.0,20199694868.0,20606126723.86,7536487148.0,11274661053.0
2025,2,Kab. Gunung Kidul,134901015260.0,36545300061.0,143563668798.0,48531369153.0,18576914981.0,11335344960.0,6468808135.0,7144032882.51
2025,3,Kab. Kulon Progo,145820896290.0,57395821006.0,210732864508.0,130723919954.0,17819305307.0,18259945294.0,7049295583.0,2942856254.27
2025,4,Kab. Sleman,1091770090300.0,494400411712.75,212194310650.0,108040809517.0,41594058198.0,41518097080.01,85194394000.0,41534618671.49
2025,5,Kota Yogyakarta,719752270160.0,331086997514.0,80529916775.0,32931563647.0,34176145992.0,37116377100.63,165708498394.0,83176458244.14
2025,XVI,Prov. Jawa Timur,12872180937407.0,6084118983477.2,2745048904645.0,1511159292301.42,475820952000.0,459386308768.08,667242515996.67,474234744939.07
2025,1,Kab. Bangkalan,120035233293.0,50432722588.0,360089527536.0,152372721778.13,5864807148.0,3134319676.0,2863177458.0,5916705742.74
2025,#REF!,Kab. Banyuwangi,362065550833.0,217001808673.0,280954314200.0,126483380225.25,24950000000.0,19773675961.07,34336685800.0,3709235797.56
2025,#REF!,Kab. Blitar,249471838268.5,111717649737.41,294046655071.0,101073471327.46,2517539599.05,2160847770.45,12150216998.95,24473627715.87
2025,#REF!,Kab. Bojonegoro,232393905432.0,95890475703.2,28775464743.0,10416849313.0,133146941095.0,145073176026.27,648603154667.0,391075644492.22
2025,#REF!,Kab. Bondowoso,98967405997.0,35192619903.0,190218298878.0,44099177244.0,5000000000.0,4771114501.47,6038133113.0,11552260067.17
2025,#REF!,Kab. Gresik,1083685912376.0,502591559453.77,367265955771.5,151672387864.0,12645000000.0,12047862530.7,80825424566.1,49399451832.29
2025,#REF!,Kab. Jember,471737724107.0,143545697859.35,548510924309.0,194787598313.93,7834439331.0,0.0,44080472578.0,31482255795.99
2025,#REF!,Kab. Jombang,312372602400.0,70340410645.0,417192831521.0,186357044187.0,8273752694.0,0.0,9917908149.0,19948499939.67
2025,#REF!,Kab. Kediri,462396318826.0,180470217118.0,110879057500.0,53406089654.35,13990158640.0,970355377.0,275919382965.0,104810692015.21
2025,10,Kab. Lamongan,273292187389.0,109262975519.09,18624769000.0,7984490220.0,25566717826.0,5435771301.4,352833321014.0,138243674210.88
2025,#REF!,Kab. Lumajang,170994657379.0,80023237172.2,242108737814.0,106276714985.13,5301104329.0,3676842721.95,5147079523.0,12343875528.92
2025,#REF!,Kab. Madiun,174995111169.0,73566903106.0,173926614867.0,53622081993.0,8609425571.0,7406773266.19,15020318750.0,17490680407.47
2025,13,Kab. Magetan,137796418143.0,61481008835.0,185094787500.0,85638101593.12,4222812500.0,1642246324.32,6711450000.0,6079577216.07
2025,#REF!,Kab. Malang,727200171372.0,309020963262.8,311806563592.0,106604436645.42,30190613000.0,28438603509.95,137954378973.0,92885941743.46
2025,#REF!,Kab. Nganjuk,232230092223.0,72791435082.0,299647174414.0,137618122045.8,4181030072.0,1045989003.0,9313591889.0,14446580028.75
2025,#REF!,Kab. Ngawi,156383849617.0,71066852062.0,202422885098.0,101616733934.27,12747936927.0,11804448166.45,4396128000.0,13397984189.57
2025,#REF!,Kab. Pacitan,78851514318.0,35176701683.65,58194735650.0,23286659963.47,3000000000.0,2928094026.41,108693483350.0,22580688366.13
2025,18,Kab. Pamekasan,107821571053.0,48413052719.0,249214571412.0,106376925301.0,2250000000.0,0.0,2275478303.0,11654495637.42
2025,#REF!,Kab. Pasuruan,630044228203.0,280277333919.85,336254392311.0,164739825428.8,4750000000.0,139958756.0,104934184631.0,49509723201.92
2025,#REF!,Kab. Ponorogo,208718810703.0,98364164300.0,248561832172.0,111225094487.13,1678300000.0,0.0,2700000000.0,3248359502.48
2025,#REF!,Kab. Probolinggo,148534898997.0,68037192355.6,240769787406.0,100260976036.98,6616387067.0,6889709848.34,8155664908.0,5799273882.2
2025,#REF!,Kab. Sampang,66421907233.0,30122612940.89,340299519433.0,138119639639.0,8810000000.0,5535297106.85,4720962892.0,15872392409.06
2025,#REF!,Kab. Sidoarjo,1696451167743.0,802241415750.68,910860898805.0,417909986807.21,38417819716.0,29067030544.5,28083621538.0,36318850111.35
2025,#REF!,Kab. Situbondo,95229076159.0,41959790505.0,210539521260.0,93851640835.64,4963034363.0,4989642157.03,5709927268.0,9641070266.3
2025,#REF!,Kab. Sumenep,87578384181.0,46626283182.6,205822135236.0,94317860113.95,14300000000.0,6088475819.0,10633577600.0,7847092439.08
2025,#REF!,Kab. Trenggalek,114209458666.0,44653541708.0,235915694951.0,93714676505.9,5865000000.0,189465192.0,25824839150.0,2694992356.79
2025,#REF!,Kab. Tuban,388985000000.0,201309617193.4,302962837398.0,131850536948.0,19298408068.0,11894960882.84,5887002002.0,21947417400.66
2025,#REF!,Kab. Tulungagung,297952817103.0,127505937792.6,466452202467.75,149003613650.61,7247861023.35,1901845155.05,4658552398.64,18169477926.62
2025,#REF!,Kab. Mojokerto,504381315063.0,256255792587.76,304386188343.0,161557771785.41,11615222374.0,8693676852.71,3334500000.0,12501254628.27
2025,30,Kota Batu,275233550400.0,122925207442.0,24532098000.0,4006568906.0,3529988579.0,2091932100.11,19208106231.0,11381576489.18
2025,#REF!,Kota Blitar,95226053260.0,33288242245.26,120830046240.0,46010472903.0,1200000000.0,929363365.64,4090361000.0,1642762301.24
2025,#REF!,Kota Kediri,195885766098.0,94984583482.0,28294313125.0,17495997456.04,3533910000.0,2894794410.43,187114614958.0,91126659014.37
2025,#REF!,Kota Madiun,138994500000.0,66460218324.0,130529977940.0,6964974081.0,14433092969.0,0.0,1542690300.0,9647547140.52
2025,#REF!,Kota Malang,846060000000.0,402117458540.06,72648518750.0,25696453218.0,33006353579.0,1083454210.0,83772840000.0,47996421921.61
2025,#REF!,Kota Mojokerto,110547200000.0,43842679029.0,163366444761.0,41918817846.11,3950000000.0,0.0,22735180387.0,21768193723.85
2025,#REF!,Kota Pasuruan,88563867677.0,36796532063.0,106855563866.0,37602925295.0,6414019664.0,691132973.0,22414768419.0,12905902786.28
2025,#REF!,Kota Probolinggo,90796892010.0,42134364338.0,141746973476.0,56690762325.39,1512480263.0,951840586.17,8485619050.0,7199881499.33
2025,#REF!,Kota Surabaya,7307751999326.0,3121416471835.8,486207862705.0,185078228228.88,210074787736.0,86655669950.47,792302517968.0,294581791334.07
