0,1,2,3,4,5,6,7,8,9,10,11,12,13,14,15,16,17,18,19,20,21,22,23,24,25,26,27,28,29,30,31,32,33,34,35,36,37,38,39,40,41,42,43,44,45,46,47,48,49,50,51,52,53,54,55,56,57,58,59,60,61,62,63,64,65,66,67,68,69,70,71,72,73,74
,,,,,,,,,,,,,,,,,,,,,,,,,,,,,,,,,,,,,,,,,,,,,,,,,,,,,,,,,,,,,,,,,,,,,,,,,,
,,,,,,,,,,,,,,,,,,,,,,,,,,,,,,,,,,,,,,,,,,,,,,,,,,,,,,,,,,,,,,,,,,,,,,,,,,
,,,,,,,,,,,,,,,,,,,,,,,,,,,,,,,,,,,,,,,,,,,,,,,,,,,,,,,,,,,,,,,,,,,,,,,,,,
,,,,,,,,,,,,,,,,,,,,,,,,,,,,,,,,,,,,,,,,,,,,,,,,,,,,,,,,,,,,,,,,,,,,,,,,,,
NO.,DAERAH,PENDAPATAN,,,,,,,,,,,,,,,,,,,,,,,BELANJA DAERAH,,,,,,,,,,,,,,,,,,,,,,,,,,,,,,,,,,,,,,,,,,,,,,,,,
,,PENDAPATAN ASLI DAERAH,,,,,,,,,,,,,TOTAL PENDAPATAN ASLI DAERAH,,,TOTAL PENDAPATAN TRANSFER,,,TOTAL LAIN-LAIN PENDAPATAN YANG SAH,,,,BELANJA OPERASI,,,,,,,,,,,,,,,,,,,BELANJA MODAL,,,,,,,,,,,,,,,,,,,TOTAL BELANJA OPERASI,,,TOTAL BELANJA MODAL,,,TOTAL BELANJA TIDAK TERDUGA,,,TOTAL BELANJA TRANSFER BANTUAN KEUANGAN DAN BAGI HASIL,,
,,,,,,,,,,,,,,,,,,,,,,,,,,,,,,,,,,,,,,,,,,,,,,,,,,,,,,,,,,,,,,,,,,,,,,,,,,
,,,,,,,,,,,,,,,,,,,,,,,,,,,,,,,,,,,,,,,,,,,,,,,,,,,,,,,,,,,,,,,,,,,,,,,,,,
,,PAJAK,,,RETRIBUSI,,,PENGELOLAAN KEKAYAAN,,,LAIN PAD,,,,,,,,,,,,,,PEGAWAI,,,BARANG DAN JASA,,,BUNGA,,,SUBSIDI,,,HIBAH,,,BANTUAN SOSIAL,,,,TANAH,,,PERALATAN DAN MESIN,,,GEDUNG DAN BANGUNGAN,,,"JALAN, IRIGASI, DAN JARINGAN",,,ASET TETAP,,,ASET LAINNYA,,,,,,,,,,,,,,,
,,ANGGARAN,REALISASI,%,ANGGARAN,REALISASI,%,ANGGARAN,REALISASI,%,ANGGARAN,REALISASI,%,,ANGGARAN,REALISASI,%,ANGGARAN,REALISASI,%,ANGGARAN,REALISASI,%,,ANGGARAN,REALISASI,%,ANGGARAN,REALISASI,%,ANGGARAN,REALISASI,%,ANGGARAN,REALISASI,%,ANGGARAN,REALISASI,%,ANGGARAN,REALISASI,%,,ANGGARAN,REALISASI,%,ANGGARAN,REALISASI,%,ANGGARAN,REALISASI,%,ANGGARAN,REALISASI,%,ANGGARAN,REALISASI,%,ANGGARAN,REALISASI,%,,ANGGARAN,REALISASI,%,ANGGARAN,REALISASI,%,ANGGARAN,REALISASI,%,ANGGARAN,REALISASI,%
,,,,,,,,,,,,,,,,,,,,,,,,,,,,,,,,,,,,,,,,,,,,,,,,,,,,,,,,,,,,,,,,,,,,,,,,,,
,Total Provinsi,159524654688049.47,141542566077737.16,88.72770566689124,14956989189432.67,15034449640043.309,100.51788798955184,6020364641258.561,4553953757389.23,75.64249059235097,12313694676796.809,11725419569835.479,95.22259466064365,,192815703195537.53,172856389045005.25,89.64850174558075,172437859821736.56,153865717509823.94,89.22966085805507,4378730089654,3414249640368.23,77.97351219330393,,113565143132395.88,94847726128610.84,83.51834331599089,117718213225766.31,90502047741236.14,76.88024245463737,288972179536,273211169435,94.54583824425336,7481525601608.03,3952646455202,52.83209155031754,20856229748825.98,18355572680581.992,88.01002339176497,5206900074726,4819141003937,92.55297652683674,,1991442705386.6501,353470031949,17.74944521340732,15794323474243.549,9751154376807.111,61.7383479115691,13749837540057.291,6411817756811.331,46.631952836765045,23831373309448.48,14830747235960.8,62.23202936475683,1564928997192.85,1011508252637.65,64.63604767066626,335794349251,259503016215.9,77.28034042107312,,265116983962858.25,212750345179003,80.24772385340971,57267700375579.82,32618200670381.79,56.95741309055757,4742585318305.93,474797387969.32,10.011362075799608,60760580200310.414,52047117542402.34,85.65934915502412
,Total Kabupaten,77443512641916.34,67045301421196.164,86.57316685930883,40723539824556.805,33926741856195.008,83.30990381080959,5107508280329.02,4445462343585.803,87.03779024122173,18639631692804.047,15350731228902.389,82.35533556614556,,141914192439606.2,120768236849879.44,85.09947791252398,650140467485516.4,574998206251421.8,88.44214981345264,9724365740120.23,7866208805257.06,80.89174158478127,,320906320582355.94,265725532273806.62,82.80470505896814,237407462945874.44,169264029242712.84,71.29684431247331,495641649062.78,359263151028.07996,72.48445559557368,361432624725.3,251470082760.66998,69.57592247014088,26423093307288.41,17962709469277.516,67.98109994306675,4328864821942.281,3119643991757.9604,72.06609862116771,,5041731025681.49,1275954168527.2002,25.307858789526154,27592923683047.867,16489060490783.059,59.758294119855684,36630470985731.12,19752078467609.492,53.92253480798441,58344740075365.86,32316672003402.93,55.3891781189845,2711958658596.6797,1202180575557.97,44.32886805804208,506806187469.86,255078149640.16,50.330512126063894,,589922815931249.1,456682648211343.94,77.41396601018509,130828630615892.89,71291023855520.8,54.49191321495071,4220574708286.6997,1421370329508.97,33.677174976152976,125763200784875.81,106201434807000.9,84.44555652544477
,Total Kota,55425873069394.086,48638602471618.42,87.7543280386799,10601652974702.04,8686588996724.47,81.93617558934113,1512168095931.8599,1352896946227.8098,89.4673647637103,6400553913497.619,5716314945287.979,89.30969135707609,,73940248053525.61,64394403359858.69,87.08978540786522,113074734862915.19,102000944388487.83,90.20666244510541,748511599130.02,668820440661.3701,89.35338362675029,,74684418410950.95,62910888624060.12,84.23562767523073,75147737830601.47,57208526805613.58,76.12807578396227,99445033052,77507751023.06,77.9402938933421,260062266792,181988492834.06,69.97881510415964,6140183776787.551,4412546413793.561,71.8634258224456,855587899779,677236624959.52,79.15453516049625,,2140819452152.85,857334453077.5,40.04702275174806,8321641569765.5205,5143627436535.69,61.81024973754815,9830524203607.29,5689711762877.47,57.8780098093817,14968391382773.896,9535251375966.84,63.70257920260097,611215305770.74,357026028353.89,58.4124816546735,109296474248.1,58504542800.5,53.5282983307369,,157187435217963,125468694712283.9,79.82107128238557,35981888388318.41,21641455599611.887,60.14541362047532,1159707094500.71,230347185960,19.862531414380253,2229338626340.11,1787563641321,80.18358540064553
,Total Kabupaten/Kota,132869385711310.44,115683903892814.6,87.06588298990462,51325192799258.84,42613330852919.48,83.02614861981547,6619676376260.879,5798359289813.612,87.59279094983211,25040185606301.664,21067046174190.367,84.13294735678234,,215854440493131.8,185162640209738.12,85.78125137788386,763215202348431.5,676999150639909.6,88.70357253848809,10472877339250.25,8535029245918.43,81.49650730588476,,395590738993306.9,328636420897866.75,83.07485198823804,312555200776475.9,226472556048326.44,72.45841870034614,595086682114.78,436770902051.13995,73.39618162835912,621494891517.3,433458575594.73,69.74451142092197,32563277084075.96,22375255883071.08,68.71315754031706,5184452721721.281,3796880616717.4805,73.23590011361671,,7182550477834.34,2133288621604.7002,29.700990312398375,35914565252813.39,21632687927318.75,60.233745765930266,46460995189338.41,25441790230486.96,54.75946033184669,73313131458139.75,41851923379369.766,57.08653081237749,3323173964367.42,1559206603911.8599,46.91919895348185,616102661717.96,313582692440.66003,50.897798682813054,,747110251149212.1,582151342923627.9,77.9204062624167,166810519004211.3,92932479455132.69,55.71140238031782,5380281802787.41,1651717515468.97,30.699461032194446,127992539411215.92,107988998448321.9,84.37132269199972
,"Total Provinsi, Kabupaten/Kota",292394040399359.9,257226469970551.75,87.97254199135685,66282181988691.516,57647780492962.78,86.97326907976284,12640041017519.44,10352313047202.844,81.90094504324992,37353880283098.48,32792465744025.844,87.78864604024407,,408670143688669.4,358019029254743.4,87.60586864096616,935653062170168.2,830864868149733.6,88.80052892923929,14851607428904.25,11949278886286.66,80.45781538118851,,509155882125702.75,423484147026477.6,83.17377092030253,430273414002242.25,316974603789562.56,73.66818247987564,884058861650.78,709982071486.1399,80.3093665234472,8103020493125.33,4386105030796.73,54.129260002710566,53419506832901.94,40730828563653.07,76.24710705596836,10391352796447.281,8616021620654.48,82.91530265049059,,9173993183220.99,2486758653553.7,27.10661108950812,51708888727056.94,31383842304125.863,60.6933219350044,60210832729395.695,31853607987298.293,52.90345033169913,97144504767588.23,56682670615330.58,58.34881834123309,4888102961560.27,2570714856549.5103,52.591258342253596,951897010968.96,573085708656.56,60.204591678799545,,1012227235112070.4,794901688102630.9,78.5299644713296,224078219379791.12,125550680125514.48,56.029845503510586,10122867121093.34,2126514903438.29,21.00704156243643,188753119611526.34,160036115990724.25,84.78594489992818
